text,aspect,polarity
"The Apple applications (ex.iPhoto) are fun, easy, and really cool to use (unlike the competition)!",iPhoto,positive
After replacing the hard drive the battery stopped working  (3 months of use) which was frustrating.,"hard drive,battery,battery,hard drive","neutral,negative,negative,neutral"
† The screen almost looked like a barcode when it froze.,screen,negative
It is easy to navigate and update programs.,navigate,positive
My favorite part of this computer is that it has a vga port so I can connect it to a bigger screen.,screen,neutral
"Screen is awesome, battery life is good.","battery life,Screen","positive,positive"
"Its pretty fast and does not have hiccups while I am using it for web browsing, uploading photos, watching movies (720p) on occasion and creating presentations.",web browsing,positive
"That included the extra Sony Sonic Stage software, the speakers and the subwoofer I got (that WAS worth the money), the bluetooth mouse for my supposedly bluetooth enabled computer, the extended life battery and the Docking port.",speakers,positive
"I also love the small, convenient size of my laptop, making it a perfect tool for my academic studies.",size,positive
"I just plug this into my 22"" Monitor and the speedy MacOSX performs just as well on this dual-core that my Dell did with Windows 7 with a quad-core.",Windows 7,positive
"I love the size, keyboard, the functions.","size,functions,keyboard","positive,positive,positive"
It works really well.,works,positive
And the ram (the thing that makes it faster) comes sporting 2 gigs for high performance to handle more stuff at once and surf the web a whole lot faster than before.,"ram,performance","positive,positive"
"-When battery life went to 4 hours or less, took it to the MacHouse Amsterdam for repair (26th of August).",battery life,negative
"Though the picture, video, and music software is nowhere close to professional grade software Im used to (CS5) but does the job for beginner and even intermediate media designers.",software,positive
"Of course, I also have several great software packages that came for free including iWork, GarageBand, and iMovie.","iMovie,iWork,GarageBand","positive,positive,positive"
"Actually, I had noticed the one on the sales floor also didn't have sound!",sound,negative
My battery went bad about a year and a half after having it and it cost around eighty to a hundred dollars!,battery,negative
A mac is very easy to use and it simply makes sense.,use,positive
It works exactly like it did the day I took it out of the box.,works,positive
I take it everywhere with me because it's so easy to carry.,carry,positive
Could not keep up with me and finally the hard drive went out.,hard drive,negative
-I propose that they can just swap the hard drives.,hard drives,neutral
† The machine is slow to boot up and occasionally crashes completely.,boot up,negative
"I love the feel of the key board, as well as the trackpad.",trackpad,positive
"Have not yet needed any customer support with this yet so to me that is a great thing, which is leaps and bounds ahead of PC in my opinion.",customer support,positive
Tech support tells me the latter problem is a power supply problem and have offered to fix it if it happens again.,power supply,negative
Not to mention the fact that your mac comes fully loaded with all necessary basic programs.,programs,positive
"lightweight, long battery life, excellent transition from PC;",battery life,positive
Runs Hot  I thought we were paying for quality in our decision to buy an Apple product.,quality,negative
"Bigger HD, better graphics card, and a bid HD.","HD,HD,graphics card","positive,positive,positive"
"But to be honest, I don't use my computer for anything like graphics editing and complex data analysis and gaming.",gaming,neutral
"I even got my teenage son one, because of the features that it offers, like, iChat, Photobooth, garage band and more!",features,positive
It's so nice to look at and the keys are easy to type with.,"keys,look","positive,positive"
But the biggest pain is that tech support is not available 24/7.,tech support,negative
The only thing I wish is the 15 inch MacBook Pro has much better speakers on the side of the keyboard.,"speakers,keyboard","negative,neutral"
"I have in the past gotten superfine sandpaper and ""fixed"" the edges by rounding them off.",edges,negative
"So then you may be lucky to get ahold to someone who understands that its no good and they will let you send it back, but of course you are taking a chance of them testing it out to see what has happened, and they tell you that it was not on their side , then you are stuck paying for the repair (the price of a new one).",price,negative
It doesnt work worth a damn.,work,negative
"iTunes is a handy music-management program, and it is essential for anyone with an iPod.","program,iTunes","positive,positive"
"Since I keyboard over 100 wpm, I look for a unit that has a comfortble keyboard (no keys sticking or lagging, strange configuration of ""extra key"", etc.","keys,keyboard","positive,positive"
Keyboard is great but primary and secondary control buttons could be more durable.,Keyboard,positive
"After a little more than a year of owning my MacBook Pro, the monitor has completely died.",monitor,negative
It's super fast and a great value for the price!,"value,price","positive,positive"
It's perfect for everything and runs faster than an average pc!,runs,positive
"I was loving this Netbook because it had an amazing screen and display and was small and light, but after 1 week it stopped openning web pages for me (even after installing new browsers) then eventually it just started giving me a blue screen and crashing everytime I booted it.","screen,display","positive,positive"
"My dad has one of the very first Toshibas ever made, yes its abit slow now but still works well and i hooked to my ethernet!",works,positive
"Before, I reloaded with Windows 7 Ultimate and used only the downloaded drivers from Acer's site.",drivers,neutral
"They offer the best warranty in the business, and don't 3rd party it out like Toshiba.",warranty,positive
"Everything about the Mac is not only visually appealing, but very easy to use.",use,positive
† since then†i have had minor problems with slow operation.,operation,negative
"The only thing I wish this had was the option to turn off the touchpad with a button like my big 16"" laptop does.",touchpad,negative
The capabilities using that program alone made me want a Mac.,program,positive
"Unfortunately, Apple's quality has continued to slide.",quality,negative
Excellent speed for processing data.,speed,positive
"So, after Apple replaced the hard drive I enjoyed another 4 months of my new computer, until it froze this morning--completely.",hard drive,neutral
The macbooks are small enough to be very portable yet hold tons of information and performance.,performance,positive
The ease of use is wonderful.,use,positive
I should have checked this before I installed my applications.,applications,neutral
I wish Toshiba would allow their customers to select an option that only boots the OS at setup and removes all the unnecessary stuff.,OS,neutral
"It started out by randomly ceasing to charge when it was plugged in (mousing over the battery icon would read, for example, ""74%, plugged in, not charging""), requiring me to unplug it and plug it back in several times to get it to charge.","charge,charge","negative,neutral"
"In addition, all the design tools on Pages and Keynotes makes it much easier to create professional looking documents and presentations.",Pages,positive
Very fast boot up and shut down.,boot up,positive
"Typically, when I purchase a new laptop I always end up using an external mouse for convenience.",external mouse,neutral
† the battery is irreplaceable.,battery,negative
i needed one to be able to carry to work everyday and this one seems to fit all of the criteria.,carry,neutral
"Who couldn't love a DVD burner, 80-gigabyte HD, and fairly new graphics chip? As I soon discovered, though, there is a reason for which similarly-configured Sony and Toshiba machines cost more: they use higher-quality components that are faster, better-configured, and end up lasting a lot longer.","DVD burner,components,HD","positive,positive,positive"
The OS is still as fast as the day that the laptop was purchased and continues to run flawlessly.,"OS,run","positive,positive"
"This is likely due to poor grounding and isolation between the components, and I'm hoping that it can be fixed with a ground loop isolator, but I still expected better product quality for this price range.","quality,components","negative,negative"
The ease of set up was terrific.,set up,positive
I don't understand why only Windows 7 Starter is included.,Windows 7 Starter,negative
"Yes, a Mac is much more money than the average laptop out there, but there is no comparison in style, speed and just cool factor.",speed,positive
Its fast and another thing I like is that it has three USB ports.,USB ports,positive
I know what 7 hrs of battery looks like.,battery,positive
"Great battery, speed, display.","battery,speed,display","positive,positive,positive"
There is no need to open a program first and the cliick open or import.,program,positive
"Only issue is that it is a little slow, and I'm fixing that by adding more RAM.",RAM,neutral
The service I received from Toshiba went above and beyond the call of duty.,service,positive
It is easy to operate and I have already ordered more software and gadgets for my new Rolls Royce of laptops.,software,neutral
I like those programs better than Office and you can save your files to be completely compatible with the Office programs as well.,programs,positive
"While I mostly use it for email, internet and gaming, I'm confident all other applications live up to the high standard I've come to appreciate from Mac laptops.","gaming,internet,applications","neutral,neutral,positive"
"As a computer science student in college, I find that the portability, longevity, and ease of use of this computer make me (shockingly) want to do homework more;","portability,use","positive,positive"
"The battery never held a charge longer than one hour and within two months, stopped holding a charge for more than ten minutes.","charge,charge,battery","negative,negative,negative"
little short on RAM but you get what you pay for.,RAM,negative
Very long-life battery (up to 10-11 hours depending on how you configure power level settings).,battery,positive
The sheer power and flexibility makes the MacBook Pro a must have for any techie!,power,positive
"I bought it from HSN because it was ""bundled"" with extra software, but as it turns out, that software just crashes it more often.....",software,negative
"I mainly use it for email, internet, and managing personal files (pics, vids, etc.).",internet,neutral
The start menu is not the easiest thing to navigate due to the stacking.,navigate,negative
"All in all, a very disappointing experience except that I learned how good the Geek Squad is and also Customer Service.",Customer Service,positive
"I work in film editing and post production, so I need a laptop that not only has power, but memory and speed as well.","memory,speed,power","neutral,neutral,neutral"
The difference is the Toshiba had a lot more memory and hard drive space.,memory,positive
"Without a doubt, the *design* of this laptop is fantastic.",design,positive
"Also it is very good for college students who just need a reliable, easy to use computer.",use,positive
All I will say now is that it was over two grand less expensive and so much better quality than my hunk of crap Vaio.,quality,positive
"The computer runs very fast with no problems and the iLife software that comes with it (iPhoto, iMovie, iWeb, iTunes, GarageBand) is all very helpful as well.","iMovie,runs,GarageBand,iTunes,iPhoto","positive,positive,positive,positive,positive"
"I made a photo book as a gift, on my computer, pushed ""Buy"" and it drew from my iTunes account and sent the book to my house, the book was of perfect quality-exactly how I had created it and looked better than I had even imagined.",iTunes,neutral
"also you may need to charge it once a day, if for medium use every thing fast and easy with mac  the size and look is the most feature that attracted me to it.","look,feature,charge,size","positive,positive,neutral,positive"
Vista is a nightmare.,Vista,negative
I love the keyboard.,keyboard,positive
If this is an improvement in Customer Service then I would hate too see what it was before!,Customer Service,negative
It works fine with our wireless and they've had not problems.,works,positive
The large screen also helps when you are working in design based programs like Adobe Creative Suite.,screen,positive
Lightweight and the screen is beautiful!,screen,positive
"I run Dreamweaver, Final Cut Pro 7, Photoshop, Safari, Firefox, MSN Messenger and a few other applications constantly at the same time.","Photoshop,applications","neutral,neutral"
Mac also has many apps and programs that are quite cheap or free.,programs,positive
Features like the font are very block-like and old school.,Features,negative
The feel of this machine compared to the old MacBook is far superior.,feel,positive
The machine is slow to boot up and occasionally crashes completely.,boot up,negative
"It is easy to use, has great screen quality, and every so light weight.",use,positive
I sent it back to Toshiba twice they covered it under the  warranty.,warranty,positive
Great pick for portability and affordability.,portability,positive
Battery life could be better but overall for the price and Toshiba's reputation for laptops it's great!,price,positive
It was very easy to just pick up and use-- It did not take long to get used to the Mac OS.,"use,Mac OS","positive,positive"
The first full charge of this battery got me only about 2 full hours.,battery,negative
"Good keyboard, long battery life, largest hard drive and windows 7.","windows 7,keyboard,battery life,hard drive","positive,positive,positive,positive"
"The speed gives you the power to work on these projects seamlessly, and multiple at a time if you sowish.",speed,positive
"I gave it to my daughter because I just hated the screen, hated that it had no cd drive to at least play cd's when I wanted to listen to music and do schoolwork.","cd drive,screen","negative,negative"
iLife is easily compatible with Microsoft Office so you can send and receive files from a PC.,iLife,positive
"However, the multi-touch gestures and large tracking area make having an external mouse unnecessary (unless you're gaming).","gaming,external mouse","neutral,neutral"
If you check you will find the same notebook with the above missing ports and a dual core AMD or Intel processor.,processor,neutral
"I am not sure if it was the drive itself, however;",drive,neutral
"The sound is a bit quiet if you're on a plane, this can easily be overcome with a decent pair of head phones.",sound,negative
"Even doing so, the hinge may just be slightly tightened only.",hinge,neutral
The first one sent: Touchpad didn't work The second sent: USB didn't work The third sent: Touchpad didn't work The fourth sent: Hasn't arrived yet.,"Touchpad,Touchpad","negative,negative"
"I love the solid machined aluminum frame, and the keyboard is the best of any laptop I've used.",keyboard,positive
The shop will definitely push the problem to the service center.,service center,neutral
keys are all in weird places and is way too large for the way it is designed.,keys,negative
"With awesome graphics and assuring security, it's perfect!",graphics,positive
The reflectiveness of the display is only a minor inconvenience if you work in a controlled-lighting environment like me (I prefer it dark) or if you can crank up the brightness.,display,negative
"Its Office compatible, but the features and its functioning is all new again so you might as well save the money and just learn the pre installed mac programs.","programs,features","neutral,neutral"
The switchable graphic card is pretty sweet when you want gaming on the laptop.,gaming,neutral
"I am constantly trying to uninstall programs, clean cookies, and delete unused files.",programs,neutral
"BEST BUY - 5 STARS + + + (sales, service, respect for old men who aren't familiar with the technology) DELL COMPUTERS - 3 stars DELL SUPPORT - owes a me a couple",service,positive
This MacBook is an outstanding product with great value.,value,positive
"I would definitely reccomend this if you are in the market for an easy to use, stylish, fun, awesome computer.",use,positive
This computer is exceptionally thin for it's screen size and processing power.,screen size,positive
the mouse pad and buttons are the worst i've ever seen.,"buttons,mouse pad","negative,negative"
† I could not find a phone number anywhere to call an actual live person for tech support and had to result the their online chat.,tech support,negative
"The OS is also very user friendly, even for those that switch from a PC, with a little practice you can take full advantage of this OS!","OS,OS","positive,positive"
"However, I love this particular Mac because its very fast, great size, and has fantastic features like the lighted keyboard and easy mouse pad.","features,size,mouse pad","positive,positive,positive"
"Whenever I call Dell about an unrelated problem, they ask me if my laptop is running slowly and if I'd like to purchase more memory for $75.",memory,neutral
"Of course, for a student, weight is always an issue.",weight,neutral
It does not even have the software to play a dvd now.,software,negative
† Again I sent it back and they replaced the motherboard and some fan inside.,"fan,motherboard","neutral,neutral"
"Love the speed, especially!",speed,positive
I also had a problem with the touchpad that caused the mouse pointer to jump all over the screen.,"touchpad,screen","negative,neutral"
tons of bloatware and junk programs.,programs,negative
Once I removed all the software the laptop loads in 15-20 seconds.,"loads,software","neutral,negative"
"Yes, they cost more, but they more than make up for it in speed, construction quality, and longevity.",speed,positive
The trackpad was easy to learn and navigate.,trackpad,positive
Also kinda loud when the fan was running.,fan,negative
"It even has a great webcam, and Skype works very well.",webcam,positive
† After that the said it was under warranty.,warranty,neutral
"The screen is a little glary, and I hated the clicking buttons, but I got used to them.",screen,negative
"Laptops are usually used on the go, so why not give you a better battery?",battery,negative
I will never go back to Windows!,Windows,negative
"everything about a mac is wonderful, it takes a little used to learning and getting used to the new system, but you will learn fast and its all worth it.",system,neutral
It has a faster processor and more ram.,"processor,ram","positive,positive"
also the keyboard does not liht up so unless your sitting in a room with some light you cant see anything and thats bad for me because my boyfriend tends to watch tv in the dark at night which leaves me with no way of seeing the keyboard.,"keyboard,keyboard","negative,negative"
Now for the hardware problems.,hardware,negative
"After doing extensive research, macconnection had the lowest price on the 15"" MBP i5.",price,positive
They are about the same size keys.,keys,neutral
"Overall the computer is very easy to use, the screen is perfect, great computer, my daughter loves.","use,screen","positive,positive"
"Great OS, fabulous improvements to the existing line bumping up the processor speed and adding the thunderbolt port.",OS,positive
BUT there's this application called Boot Camp which allows you to add another OS X like Windows.,"Windows,OS X","neutral,neutral"
But sadly the replacement froze-up while updating the BIOS again and shut down and would not turn back on.,BIOS,negative
The downside to this netbook is pretty much the same for any netbook: screen size is not something I'd stare at for the entire 10-11 hours of battery life five days a week.,"screen size,battery life","neutral,neutral"
Also the display is exceptional!,display,positive
Fan noise: The fan made a constant hissing noise in the background.,fan,negative
"The computer loads in about a 1/10th of the time that my PC did, and I have all of the programs that were on my PC.","programs,loads","positive,positive"
"Theres also iDVD, a program dedicated to putting all your favorite media together- photos, recordings, video projects into one program so that you can create the perfect memoir for your parents, family, siblings, and any other person important in your life that there may be.","program,program","positive,positive"
"Overall I feel this netbook was poor quality, had poor performance, although it did have great battery life when it did work.","quality,performance,battery life","negative,negative,positive"
I was looking for a mac which is portable and has all the features that I was looking for.,features,positive
"I love the easy to see screen, and It works well for work, persoal or just play.","screen,works","positive,positive"
After 20-30 min the screen of the notebook switched off.,screen,negative
Can listen to my music and watch my videos with ease and with a great display.,display,positive
-I propose that I can just swap the hard drives.,hard drives,neutral
"Treat yourself to a more expensive, long-lasting laptop of quality like a Sony, Apple, or Toshiba.",quality,positive
it is very easy for anyone to use an apple and specially the mcbook pro notebook.,use,positive
† There's literally no way to make it sing with Vista.,Vista,negative
† Later it held zero charge and its replacement worked for less than three months.,charge,negative
They say that this will invalidate the warranty on the hard drive (I don't really understand why but anyway).,"hard drive,warranty","neutral,negative"
i love the size of the computer since i play games on it.,"size,games","positive,neutral"
† This process continued to repeat itself until the mother board had been replaced 4 times and the hard drive replaced 3 times.,"hard drive,mother board","negative,negative"
The performance is awesome.,performance,positive
"it is of high quality, has a killer GUI, is extremely stable, is highly expandable, is bundled with lots of very good applications, is easy to use, and is absolutely gorgeous.","use,applications,quality","positive,positive,positive"
He has replaced his hard drive twice and (of course) has had to pay for antivirus software every year.,hard drive,negative
"Whenever tried to turn it on, it would restart as soon as the BIOS launched Windows (or Winblows, as I like ot call it).","Windows,BIOS","negative,negative"
Its also FUN to use!,use,positive
"Also, I issued a replacement RMA for a few dead pixels in the upper zone of the screen, which is noticable to me.",screen,negative
"Call tech support, standard email the form and fax it back in to us.",tech support,neutral
"Overall : Poor, Features: Average, Performance: Poor, Battery Life: Excellent, Price-Value: Poor",Features,neutral
It was super easy to set up and Is really easy to get used to.,set up,positive
-Touchpad will take a bit of time to get used to.,Touchpad,neutral
"I was looking too closely at the other performance specs and while comparing, I took it for granted that these features were standard.",features,neutral
Now the machine won't connect and Toshiba says that they did replace the connection card in May but they only warranty the repair for 30 days and now I'm out of warranty even though this has been a constant 5 month occurance since I bought the netbook.,"warranty,warranty","negative,negative"
"With all the programs that came with it, such as iLife and iWork, I was set from the very beginning.","programs,iLife,iWork","neutral,neutral,neutral"
"Love the graphics, awesome programs (including Garageband), and really cool default background.","programs,Garageband,graphics","positive,positive,positive"
"But with A WAY Bigger Screen, and IS able to connect to an HDMI.",Screen,positive
Good for every day computing and web browsing.,web browsing,positive
"I noticed windows has a new system called Windows 7, what about us Vista users?† They should get all the bugs out of Vista before investing in a new system.","Vista,windows,Vista,Windows 7","neutral,neutral,negative,neutral"
They say sorry out of warranty.,warranty,negative
I love WIndows 7 which is a vast improvment over Vista.,Vista,negative
That whole experience was just ridiculous we sent it in and after they told us that we had to pay $175 to fix it we were like we will just by a portable mouse which would be way cheaper but they refused to send the laptop back until we paid the $175 and it was fixed.,mouse,positive
"† Until I bought the Dell, I thought you just looked for what you wanted (size, software, options, hardware) and purchase the best deal you could find.","size,software,hardware","neutral,neutral,neutral"
"The programs are great, like iphoto (love the editing capabilities), imail (which can incorporate with the address book on the ipod and ipad), imovie, etc.","programs,iphoto","positive,positive"
"Apparently well-built and gorgeous to look at, the i5 MacBook Pro is a winning combination of price and performance.","look,built,performance,price","positive,positive,positive,positive"
† The only thing I can imagine is that Sony jumped on early specifications for Vista requirements from Microsoft and designed it to those inadequate requirements.,Vista,negative
The real stand out on this computer is the feel of the keyboard and it's speed.,"keyboard,speed","positive,positive"
"MacBook Notebooks quickly die out because of their short battery life, as well as the many background programs that run without the user's knowlede.","battery life,programs","negative,negative"
but it  has a major design flaw.,design,negative
I believe that the quality of a mac is worth the price.,"quality,price","positive,positive"
"It absolutely is more expensive than most PC laptops, but the ease of use, security, and minimal problems that have arisen make it well worth the pricetag.",use,positive
"I run windows via bootcamp for the couple programs I do not want to buy a mac version of, like my cad programs.","windows,programs","neutral,neutral"
"The screen takes some getting use to, because it is smaller than the laptop.",screen,negative
"The battery life, before the battery completely died of course, left much to be desired.","battery,battery life","negative,negative"
"They said that my computer was covered on an extended warranty, and that products with† extended warranties are taken care of through third parties and not Sony itself anymore.",extended warranty,neutral
Has a 5-6 hour battery life.,battery life,neutral
On my PowerBook G4 I would never use the trackpad I would use an external mouse because I didn't like the trackpad.,"trackpad,trackpad,external mouse","negative,negative,neutral"
"Still under warrenty so called Toshiba, no help at all.",warrenty,negative
"† The hard drive crashed as well, and I had to buy a new  power cord.",hard drive,negative
Everything from the design to the OS is simple and to the point.,"design,OS","positive,positive"
"(I had been a Windows/Linux user before this) I love the size because the screen is big enough for what I use it for (Internet, artwork), and yet it is small enough to be reasonably portable.","Windows,screen,size","neutral,positive,positive"
I would like to use a different operating system altogether.,operating system,neutral
iPhotos is an excellent program for storing and organizing photos.,program,positive
"After 2 months of complaints, Asus finally sent the right power supply to my techies.",power supply,neutral
"So I called Compaq, and after being on the phone for 3 hours, i finally got a replacement which I shouldn't have had a problem getting since it was under warranty.",warranty,neutral
It gives me the power and speed that I need to run all the programs I use to edit.,"programs,speed,power","neutral,positive,positive"
"Called Acer many times, they want me to pay the shipping to ship it to their repair center - I was very disappointed since it is a brand new computer!",shipping,negative
"This laptop looks great on the surface: 17"" inch screen, good  price-point, nice appearance, boots up quickly, runs fast etc.","appearance,runs","positive,positive"
The case is carved out of a single block of aluminum.,case,neutral
"† And at one point, they blame me for installing a bad memory stick when I upgrade my memory for the first time during my purchase of the laptop (I bought the memory stick they recomended).",memory,neutral
It has just enough RAM to run smoothly and enough memory to satisfy my needs.,"RAM,memory","positive,positive"
Battery is not upgradable to a longer life battery.,battery,negative
"It is a REAL touchpad, not the toy I saw in other brands.",touchpad,positive
It is good to know that I can mobilize without having to worry about the battery life.,battery life,positive
Later it held zero charge and its replacement worked for less than three months.,charge,negative
It has good speed and plenty of hard drive space.,speed,positive
"The display on this computer is the best I've seen in a very long time, the battery life is very long and very convienent.","display,battery life","positive,positive"
Didn't work when shipped from Walmart.com but went into a store and exchanged for a working laptop (same make/model).,work,negative
"I chose the iBookG4, a laptop that is an attractive computer with a large screen big enough to please anyone.",screen,positive
The keyboard has a wonderful nature feel.,keyboard,positive
"Called tech support and got the usual Acer ""We don't support software but for $$$ we can help you"" I explained there was no software involved in booting.","software,software","negative,negative"
Had some trouble finding a case that it would fit in.,case,negative
"Features such as the Dashboard (allows you to view frequently used tools like a calculator, weather forecast, movie times, calendar, computer post its etc.",Features,neutral
"Now,,,,,my monitor has been acting up for about 2 months.",monitor,negative
My wireless system would not recognize Windows 7 and I couldn't get online to find out why.,Windows 7,neutral
"WIth the upgraded memory, the MacBook Pro never has an issue running many many applications at once!",applications,neutral
"I would recommend this computer to anyone searching for the perfect laptop, and the battery life is amazing.",battery life,positive
Screen is crystal clear and the system is very responsive.,"Screen,system","positive,positive"
of course my warranty runs out next month.,warranty,neutral
The graphics on this computer are also stellar - very clear and vivid.,graphics,positive
"The system it comes with does not work properly, so when trying to fix the problems with it it started not working at all.",system,negative
"The PhotoBooth is a great program, it takes very good pictures with the built-in camera.",program,positive
"I was originally concerned that I couldn't view work I had done in college on my Mac because of the PC formatting, but I was even more thrilled to learn of programs like iLife and iWork that allow you to convert your PC documents into readable files on Macs.","iLife,iWork,programs","positive,positive,positive"
† This time the mouse pad and right click key wouldn't work!,mouse pad,negative
"The battery life sucked the juice from my laptop and when the extended life battery went out we were SOL there to, so much for that warranty covering all the products we purchased.","battery life,warranty","negative,negative"
Not easy to carry.,carry,negative
Runs fast and the regular layout keyboard is so much better.,Runs,positive
Sony parts reliability and quality of service is recenlty the worst.,service,negative
"I'm still within the one year warranty but the repair ""depot""  has deemed that this time it was caused by physical abuse and is not  covered.",warranty,negative
Again- windows based machines were not giving me anything to work with!,windows,negative
"Now the screen is going darker, darker, darker.",screen,negative
I love to write and play with graphics and html programming and my new Toshiba works great on both!,works,positive
"oh yeah, and if the fancy webcam breaks guess who you have to send it to to get it fixed?",webcam,negative
super fast processor and really nice graphics card..,"processor,graphics card","positive,positive"
I'v spent as much for shipping as I would to buy a new netbook -- of course a different brand.,shipping,negative
The only thing i can say is that the touch pad doesnt work like it should all the time.,touch pad,negative
":-)If you buy this - don't go into it expecting 7 hrs of battery life, and you'll be perfectly satisfied.",battery life,negative
I called their repair depot as was told they would send Me a new box to return the computer to the repair depot.,"repair depot,repair depot","neutral,neutral"
We paid for the three year warranty and the extended warranty after that one ended as well.,extended warranty,neutral
"My laptop cost approximately $2,300 and DIED after only 2-years, 10-months and 18-days of use.",cost,negative
and it comes with the new OSX that comes with new features that makes the use more easy.,"use,features","positive,positive"
"It's so much easier to navigate through the operating system, to find files, and it runs a lot faster!","navigate,operating system,runs","positive,positive,positive"
I highly recommend this laptop to anybody that wants great performance from a laptop and would like to relax and not become enraged cursing the gods about to throw your laptop out the door.,performance,positive
The Toshiba laptop I am using is easier to use than most I have tried.,use,positive
"†A coupla months later, they change my hard drive.",hard drive,negative
"I have had another Mac, but it got slow due to an older operating system.",operating system,negative
"I wish it had a webcam though, then it would be perfect!",webcam,negative
I have not had a problem with the applications quitting or freezing.,applications,positive
The size is perfect and I do not recomend anything bigger except for any person who can exceed the limited space it gives you.,"space,size","negative,positive"
I thought the price was great for the specs.,"specs,price","positive,positive"
Many of my classmates computers hard drives crashed.,hard drives,negative
It had most of the features and all of the power that I wanted to replace my desktop machine.,"power,features","positive,positive"
Then the hard drive failed;,hard drive,negative
† I was also able to install and use my Photoshop and AfterEffects programs easily.,Photoshop,positive
"Obviously one of the most important features of any computer is the ""human interface.",features,neutral
"It did fairly well, other than it's poor performance, overheating and occational blue screen.",performance,negative
"† upon giving them the serial number the first thing I was told, was that it was out of warranty and I could pay to have it repaired.",warranty,neutral
Anyways I bought this two months ago and when I first brought it home it kept giving me a message about a vibration in the hard drive and it is putting it temporaly in save zone.,hard drive,negative
This system came loaded with Windows 7 Starter.,Windows 7 Starter,neutral
And the warranty on this macbook pro can last up to 5 years or 1000 battery recharge cycles.,warranty,positive
The little battery that it did have would only last about an hour while just having it on the desktop.,battery,negative
"The battery life is amazing, the versitility is outstanding.",battery life,positive
It has all the features that are necessary for college and if not they are able to be added onto the computer.,features,positive
the graphics are awful and the wireless switch it at the top rather than the side which I am used to it being on the side.,graphics,negative
"As a lifelong Windows user, I was extremely pleased to make the change to Mac.",Windows,negative
"As a die-hard Windows enthusiast, I shunned the idea of a Mac until this point.",Windows,positive
"† Long story short, since I experience so many problems with my laptop every since I bought it from day one, I didn't ask for a new laptop or a refund of what I pay for a crapy laptop, but just an extension of my laptop warranty for another year, they made a big deal of out that and after so many calls and complaints about their products and services, they finally gave in.",warranty,neutral
Many kinds of software that is necessary to the working person is not available and cannot be downloaded.,software,negative
"The Mac Snow Leopard O/S is extremely easy to use, although very different than Win XP, Visa or Win7.",use,positive
"Also, HDD secures inside using rails, and there is only one set on the main hard drive.",hard drive,neutral
"Sure, the initial out of pocket expense is greater, but that should not dissuade anyone from the fact that these machines run like none other on the planet, and when I factor in all the money in that I wasted on Geek Squad and the latest patches to de-corrupt my infested PCs, it probably comes out about even anyhow.",run,positive
There is nothing to complain about the system.,system,positive
"Well, I have to say since I bought my Mac, I won't ever go back to any Windows.",Windows,negative
The laptop is outstanding in all aspects except that it has the Windows 7 starter and not the full Windows 7.,Windows 7,positive
"I hope to edit this in the next few hours, I am going to try to install my own copy of Windows 7.",Windows 7,neutral
"But the quality, in general was less than the worth of the cheap laptop.",quality,negative
I would recommend this laptop to anyone looking to get a new laptop who is willing to spend a little more money to get great quality!,quality,positive
"This purchase opened me to the world of Macbooks, and I am impressed with the intuition of the design, the beauty of the product, and the excellent technological advances associated with it.",design,positive
But other than that I am blown away by all the features this laptop offers.,features,positive
"They went through asking me open up various components, taking battery out, hard disk apart, and after 2 hours on phone could not fix it.",battery,neutral
"The laptop is relatively simple to use, though I bought  Macs for Dummies,  which is well worth $2",use,positive
"Not too much ""junk"" software to remove.",software,positive
Was very much worth the price i paid.,price,positive
"however, I may have inadvertently thrown out one of the batteries with the shipping carton.",batteries,neutral
"Aside from the trial software and the short battery life, lack of a webcam, its great.","battery life,webcam","negative,negative"
The only downfall is the battery only last 1.5-2.0 hrs when not plugged in.,battery,negative
"The screen is framed by half- to a full-inch margin that is obviously unnecessary, reduces the screen size and increases the bulk.","screen,screen size","negative,negative"
It had the full sized touch pad with 2 buttons instead of just one.,touch pad,neutral
The feature are good enough for what I need.,feature,positive
It's so bad that I'm thinking I only got half a battery or something.,battery,negative
Windows also shuts the computer down for no reason without warning.,Windows,negative
"I dislike the weight and size, cubersome.","size,weight","negative,negative"
"The display is incredibly bright, much brighter than my PowerBook and very crisp.",display,positive
"But sitting on a lap or on a desk in front of you it looks more than big enough (this could be because Im used to my Lenovo 10 tablet now) plus this is a great size if I want to unplug the external keyboard, mouse, and monitor to take it with me when I take photos and video.","size,mouse,monitor","positive,neutral,neutral"
"Although the price is higher then Dell laptops, the Macbooks are worth the dough.",price,negative
"The battery life seems to be very good, and have had no issues with it.",battery life,positive
the i3 processor doesn't seem to run hot and the fan rarely turns on.,fan,positive
This is a great value for the money.,value,positive
It's just as fast with one program open as it is with sixteen open.,program,neutral
The graphics were awful and the warranty isn't even worth the cheap payment on the computer.,"warranty,graphics","negative,negative"
"My Toshiba did not have sound on everything, just certain things.",sound,negative
The battery life is great.,battery life,positive
I would like at least a 4 hr. battery life.,battery life,neutral
I couldn't believe how long the battery lasted on a single charge.,"charge,battery","positive,positive"
"I got it back again and was told the motherboard had been replaced, so I was now on the SECOND motherboard within 3 months.","motherboard,motherboard","negative,negative"
"I also got the added bonus of a 30"" HD Monitor, which really helps to extend my screen and keep my eyes fresh!",screen,neutral
It is in the best condition and has a really high quality.,quality,positive
"The flaws are, this computer is not for computer gamers because of the OS X.",OS X,negative
(No problem with the ordering or shipping by the way.,shipping,positive
"† I was told by many  that it was a great computer, but we got one of these, and it worked  great for one year, and as soon as the warrenty was up, then it got  really bad.",warrenty,negative
† I continued to take the computer in AGAIN and they replaced the hard drive and mother board yet again.,"mother board,hard drive","negative,negative"
i also love having the extra calculator number set up on the keyboard which most laptops do not have.,keyboard,positive
I am using the external speaker- sound is good.,sound,positive
The display is beyond horrible.,display,negative
"I use iphoto all the time, which is a great program for anyone who is into photography - amateurs and experts alike.","iphoto,program","positive,positive"
"it might be something deep within Windows, for I was unable to create a disk image on my hard drive.","Windows,hard drive","negative,negative"
They should have included more memory on their computers if they knew Vista would run slowly.,"Vista,memory","negative,negative"
The resolution is even higher then any other laptop on the market.,resolution,positive
"It is loaded with programs that is of no good for the average user, that makes it run way to slow.","programs,run","negative,negative"
"Also, my sister got the exact same laptop (since they were so cheap) and after 8 months, the screen split in half just from everyday use.",screen,negative
This just keeps having it's hard drive replaced!,hard drive,negative
"The apple systems are over priced luxurys that arn't worth what they are being charged for, this model's specifications are far from being impressive and they only thing you get out of this is the apple name.",specifications,negative
"Also the speakers are not very loud, But it is a netbook.",speakers,negative
"The processor screams, and because of the unique way that Apple OSX 16 functions, most of the graphics are routed through the hardware rather than the software.","software,hardware,processor,graphics","neutral,neutral,positive,positive"
"Maybe this is virus related, maybe not, but the computer has locked up many times, and on two occasions, the screen has simply gone black.",screen,negative
There is hardly any memory on the computer's hard drive.,"memory,hard drive","negative,negative"
"There are no gold key numbers too intall programs, you must use the serial numbers that it does not accept and then things are limited as far a working because they are only good for a short time.",programs,negative
Processor - When compared to my 3 week old Early 2011 edition there I barely experience any difference in performance (2.3 GHz v/s 2.4 GHz).,performance,neutral
"you can find many laptops with the same performance and even better with lower price, but you cannot find the look, easy, applications, and the experience in mac.","performance,price,look,applications","neutral,positive,positive,positive"
"The big screen allows you to enjoy watching movies , pictures and etc!",screen,positive
"The operating system and user interface is very intuitive, and the large multi-touch track pad is amazing.",operating system,positive
"I reloaded with Windows 7 Ultimate, and the Bluetooth and Fingerprint reader (software) would not load.","Bluetooth,software","negative,negative"
Awesome laptop and the perfect size to carry around in college.,size,positive
the mouse jumps around all the time and it clicks stuff i dont want it too.,mouse,negative
"Also, one of the users mentioned how the edges on the macbook is sharp, if you have money to spend on one of the incase shells, it doesn't seem to be a problem.",edges,negative
"If you don't feel comfortable doing it yourself, just buy the case and be happy, plus it looks nice, I bought the white one from Best Buy.",case,positive
"While Apple's saving grace is the fact that they at least stand behind their products, and their support is great, it would be nice if their products were more reliable to justify the premium.",support,positive
"Info: Windows failed to load because the kernal is missing, or corrupt.",Windows,negative
Its a good laptop for its value.,value,positive
"For the Bluetooth to work properly, you must install the Launch Manager on the Drivers/Applications DVD, or it will not show after the reload.",Bluetooth,neutral
"Even though it is running Snow Leopard, 2.4 GHz C2D is a bit of an antiquated CPU and thus the occasional spinning wheel would appear when running Office Mac applications such as Word or Excel.",Word,negative
when i first got it i thought the size of it was a joke.,size,negative
"Its small enough where I can take it pretty much anywhere, but still has a big enough screen to get everything done.",screen,positive
Took several hours with customer support before I could even start the PC out of the box.,customer support,negative
The screen shows great colors.,"colors,screen","positive,positive"
"It is short on space, and downloads always had problems being completed, or were said to be 'corrupted'.",space,negative
The screen is very large and crystal clear with amazing colors and resolution.,"colors,resolution,screen","positive,positive,positive"
Keyboard is plastic and spongey feeling.,Keyboard,negative
Summary: HP knew they were shipping out bad BIOS and did nothing proactive to resolve it.,BIOS,negative
"With what I do know how to do, the computer works beautiful.",works,positive
"Once again, I was told it was the suspicious  power supply  problem.",power supply,negative
It made the computer much easier to use and navigate.,"navigate,use","positive,positive"
"I love this program, it is superior to windows movie maker.",program,positive
System is loosing about 20% of performance because of that.,performance,negative
The battery gets so HOT it is scary.,battery,negative
"The screen is bright and clear, the operating system is solid and friendly to a novice.","screen,operating system","positive,positive"
"My husband uses it mostly for games, email and music.",games,neutral
"The pro is a great product, I wish that the 13 inch models came with the Intel i processors and had a more comfortable edge (the edges hurt my wrists).",edges,negative
3 weeks went by and the computer keeps crashing and will not open any applications.,applications,neutral
"Besides the great look, it is a great machine.",look,positive
I always have used a tower home PC and jumped to the laptop and have been very satisfied with its performance.,performance,positive
Thank you Best Buy for putting my computer together and installing my first software - you guys were GREAT too!,software,neutral
"It has plenty of memory, lots of hard drive, and great graphics.","memory,hard drive,graphics","positive,positive,positive"
The salesman talked us into this computer away from another we were looking at and we have had nothing but problems with software problems and just not happy with it.,software,negative
"the touch pad is fine - again, it's a real touch pad.","touch pad,touch pad","positive,positive"
For me I was lucky and a local store was selling them for $2000 off and Best Buy matched their price so I was able to buy one for under $1000,price,positive
"Would like more trendy, high tech features.",features,negative
The keyboard is slick and quiet and not bulky like some other laptops I have had in the past.,keyboard,positive
It is light and the battery last a very long time.,battery,positive
The program came with the computer and works beautifully.,program,positive
OS X is solid with lots of innovations such as quicklook which save heaps of time.,OS X,positive
The processor a AMD Semprom at 2.1 ghz is a bummer it does not have the power for HD or heavy computing.,processor,negative
"† Now, as easy as it is to use, and I do think it is a great STARTER laptop.",use,positive
It runs perfectly.,runs,positive
"i use my mac all the time, i love the software, the way it takes a short time to load things, how easy it is to use and most of all how you don't have to worry about viruses.",software,positive
This computer I used daily nice compact design.,design,positive
"† The battery never held a charge longer than one hour and within two months, stopped holding a charge for more than ten minutes.","charge,charge,battery","negative,negative,negative"
"Easy to carry, can be taken anywhere, can be hooked up to printers,headsets.",carry,positive
The battery life is probably an hour at best.,battery life,negative
"Oh yeah, don't forget the expensive shipping to and from HP.",shipping,negative
"† We have had numerous problems with Vista, such as Adobe Flash player just quits and has to be uninstalled and then reinsalled, Internet Explore just quits and you lose whatever you were working on, also, the same Windows update has appeared on this computer since we got it and has been updated probably 400 times, the same update.",Vista,negative
"Other than that, I would recommend this to someone in need of a cheap laptop with semi-decent gaming capabilities.",gaming,positive
Another thing I might add is the battery life is excellent.,battery life,positive
"The Macbook arrived in a nice twin packing and sealed in the box, all the functions works great.","functions,functions","positive,positive"
Disappointing for such a lovely screen and at a reasonable price,"price,screen","positive,positive"
"Also, if you need to talk to a representive at Microsoft, there is a charge, which I believe is robbery, since you are charged enormous amounts for a very badly designed system, which most people would have went with XP if they could.",system,negative
The speakers are terrible and are probably the cheapest ones I have ever seen in a laptop so if your planning to listen to music I suggest you get something better.,speakers,negative
"the features are great, the only thing it needs is better speakers.","speakers,features","negative,positive"
"previous laptops were pc's, still have them, but the mac osx is a clean and smooth operating system.",operating system,positive
"† Also, the battery does not last very long at all.",battery,negative
"The internet was locekd and froze every time it was trying to be used, and the command prompt would not work at all.",internet,negative
The only downfall is a lot of the software I have won't work with Mac and iWork is not worth the price of it.,"price,software,iWork","negative,negative,negative"
I was sorly disapointed to discover that HP (what I thought was a reputable company) wouldn't honor the warrenty when the fan blade fell apart.,warrenty,negative
Registration/1st use is easy.,use,positive
I bought this laptop because of the performance to price ratio.,"price,performance","positive,positive"
So what if the laptops/mobile phones look chic and cool? The after sales support is terrible.,look,positive
"† My opinion of Sony has been dropping as fast as the stock market, given their horrible support, but this machine just caused another plunge.",support,negative
"A cheaper price should not equal a ""cheap"" product.",price,positive
"Being a PC user my whole life, it's taking a bit of time to adapt to the OS of a Mac but I'm finding my way around.",OS,neutral
For the [$] price (special offer) this is a great laptop.,price,positive
The screen is bright and the keyboard is nice;,"keyboard,screen","positive,positive"
† Dealing with the support drone on the other end of the chat was sheer torture.,support,negative
"They don t translate from a Mac, even on Word, resulting in a ton of run-on sentences.",Word,negative
The buttons you have to press a little harder than most.,buttons,negative
It is super easy to use.,use,positive
-Computer crashed frequently and battery life decreased very quickly.,battery life,negative
Cords coming out the right for power plus cords coming out front for headphones/mic plus network connection on left make for a very messy setup with cords going every direction.,"cords,power,mic,cords","negative,negative,negative,negative"
"I know there are way better laptops out there for the same price, and why spend money on shit when you can go out and get yourself a perfectly decent laptop that doesnt suck total monkey balls.",price,neutral
"I wiped nearly everything off of it, installed OpenOffice and Firefox, and I am operating an incredibly efficient and useful machine for a great price.",price,positive
The computer is currently in West Verginia doe to the method of shipping choosen by Toshiba.,shipping,negative
"I use this for my tutoring business, and since I'm always bouncing from student to student, it is ideal for portability and battery life (yes, it gets the 8 hours as advertised!).","battery life,portability","positive,positive"
Now I have the best of both worlds with all of the power and ease of the Mac!,power,positive
"The processor went on me, the fan went and the motherboard went.","fan,processor,motherboard","negative,negative,negative"
You can even run a parallels type program easily and run any leftover PC software that you absolutely cannot be without.,software,positive
† even though I had the receipt in front of me proving it still had 2 months left on the warranty.,warranty,negative
My ONLY issues are: 1) the screen/video resolution won't increase to a higher resolution then 1024 x 60,resolution,negative
the only down fall is that it has no cd drive but i found that they are very cheap to by and also very portable making this the best friend to someone who is always looking for more space then they have.,cd drive,negative
"Eventually my battery wouldn't charge, so unless I had it plugged in it wouldn't even power on.",battery,negative
"The acer one computer that I bought is 17 ince screen and its hard to find lap top bags for it, but I like the big screen on it.",screen,positive
"My computer froze on several occasion, had buttons that randomely would fall off and even had moments when the computer would refuse to turn on at all.",buttons,negative
The computer was two weeks late in delivery because HP forgot to complete the required import paperwork.,delivery,negative
"The computer runs extremely slowly, whether opening Word or My Computer.",runs,negative
"If you really want a bang-up system and don't need to run Windows applications, go with an Apple;",system,positive
"Looks nice, but has a horribly cheap feel.",feel,negative
"My friend reports the notebook is astonishing in performance, picture quality, and ease of use.","use,performance","positive,positive"
† They replaced my hard drive as well as my mother board.,"hard drive,mother board","neutral,neutral"
"After a couple of years, my battery life began to diminish but was replaced for free due to a company-wide recall of my particular battery.",battery,negative
"Screen, keyboard, and mouse: If you cant see yourself spending the extra money to jump up to a Mac the beautiful screen, responsive island backlit keyboard, and fun multi-touch mouse is worth the extra money to me alone.","mouse,keyboard,screen,Screen","neutral,neutral,positive,neutral"
in May I started having problems with the USB ports not working.,USB ports,negative
"I do not experience a lot of heat coming out of it, however I would highly suggest purchasing a stand however, due to the nature of the design of the macbook as it is one very large heat sink.",design,negative
† Sometimes the screen even goes black on this computer.,screen,negative
"Again, decent comp for the price, and I was in need of one quickly as my other laptop died on me.",price,positive
"It has a 10 hour battery life when you're doing web browsing and word editing, making it perfect for the classroom or office, and in terms of gaming and movie playing it'll have a battery life of just over 5 hours.","gaming,battery life,web browsing,battery life","neutral,positive,neutral,positive"
This computer was so challenging to carry and handle.,carry,negative
"Garageband is more for the musicians, and the laptop is equipped with a good working microphone, good enough for beginners and musicians at the intermediate level.",Garageband,neutral
"† I considered I may have too much on the computer, but after looking, there was plenty of space and that is not the issue.",space,positive
"I play a lot of casual games online, and the touchpad is very responsive.",touchpad,positive
After about a week I finally got it back and was told that the motherboard had failed and so they installed a new motherboard.,"motherboard,motherboard","negative,neutral"
"Returned laptop for repair a 2nd time and it came back with obvious physical damage (keyboard bulging and speaker grill pressed in), buttons not working and USB ports inoperative.","keyboard,buttons,USB ports","negative,negative,negative"
and they replaced the awesome ergonomic small lightweight power supply with a power supply that weighed more than the machine itself.,"power supply,power supply","negative,positive"
"And not to mention after using it for a few months or so, the battery will slowly less and less hold a charge until you can't leave it unplugged for more than 5 minutes without the thing dying.",battery,negative
The OS takes some getting used to especially after being a Windows user for so long but the learning curve is so worth it!,Windows,neutral
"For the same price, you get a lot more in the Asus....1920x1080 res.",price,negative
this apple navigates you thru the unexplored world of the internet.,internet,neutral
"I love my Apple, it is quick and easy to use.",use,positive
overall i would recomend this to anybody and tell them that if they want to burn their music or play there video games to buy the cd drive.,cd drive,neutral
Another issue I have with it is the battery.,battery,negative
"In desparation, I called their Customer Service number and was told that my warranty had expired (2 days old) and that the priviledge of talking to a technician would cost me (""have your credit card ready"").",warranty,negative
Its very nice and once you learn the features you will be so happy to have such a sophisticated computer.,features,neutral
Sells for the same as a netbook without sacrificing size.,size,positive
"Great Laptop for the price, works well with action pack games.","works,price","positive,positive"
The keyboard is top notch.,keyboard,positive
It has a .1 ghz faster processor and a stock 500gb hard drive.,processor,positive
Quality Display  I was surprised with the performance and quality of this HP Laptop.,"performance,quality","positive,positive"
"One drawback, I wish the keys were backlit.",keys,negative
I would not recommend this to anyone wanting a notebook expecting the performance of a Desktop it does not meet the expectations.,performance,negative
The iLife software that comes with the computer is so simple to use and produces a great finished product.,use,positive
Strong performance in this device makes use of fun and a strong sense of the era of speed This device serves all modern requirements is a very strong game and is very useful for designers.,"use,speed,performance","positive,positive,positive"
My husband got me this for Chrismas after getting me a very expensve laptop that did not work after 2 days.,work,negative
I have been very pleased with the performance of this laptop.,performance,positive
"I upgraded the memory and replaced the base Windows 7 Starter to Win 7 Home, and it runs just fine.","runs,memory,Windows 7 Starter","positive,neutral,neutral"
"Upgrading from Windows 7 Starter, thru Windows 7 Home Premium, to Windows 7 Professional was a snap;",Windows 7 Starter,neutral
"Simple to use, and great graphics.","use,graphics","positive,positive"
Mac is not made for gaming.,gaming,negative
The mousepad is a huge pain in the arse!,mousepad,negative
"Not to mention, the battery life is absolutely amazing.",battery life,positive
"Only other thing is that if you are using this for document creation Apple doesnt provide any kind of word processor (such as works for windows), but iwork is cheap compared to office.",windows,neutral
I was disappointed when I realized that the keyboard doesn't light up on this model.,keyboard,negative
"Great value, fast delivery- Computer works as if brand new, no problems, very pleased","value,delivery","positive,positive"
"† Worse, for the price I could get a *netbook* that outperforms this machine.",price,negative
"while about 8 years ago, I hope that the quality has changed.",quality,negative
Keyboard was also very nice and had a solid feel.,Keyboard,positive
"I did think it had a camera because that was one of my requirements, but forgot to check in the specifications on this one before I purchased.",specifications,neutral
"Overall, this laptop is definitely a keeper with its simple yet stylish design and its array of fantastic colors to choose from.","design,colors","positive,positive"
The price and features more than met my needs.,"price,features","positive,positive"
I dislike the quality and the placement of the speakers.,speakers,negative
"It's fast, it's easy easy easy to set up, easy to hook to my wireless network.",set up,positive
"I love its solid build, light wt and excellent battery life (for now).",battery life,positive
This laptop meets every expectation and Windows 7 is great!,Windows 7,positive
The software is amazing.,software,positive
"But, for the cost this is a winner.",cost,positive
The best thing about this laptop is the price along with some of the newer features.,"price,features","positive,positive"
"All the programs are easy and straight forward on my MacBook Pro, it is clean and organized, which I always strive to be myself.",programs,positive
also it comes with very useful applications like iphoto that it is the best photo application i have ever had,"iphoto,applications","positive,positive"
"Speaking of the browser, it too has problems.",browser,negative
"All of the programs (Keynote, Pages, Numbers) have an option to save your documents as Microsoft compatible, which really eliminates the need for the actual.","Keynote,Pages,programs","neutral,neutral,positive"
"Have had many higher priced computers crash and burn long before ever got to use all that great memory and speed, etc.","memory,speed","negative,negative"
Keyboard could use some trimming.,Keyboard,negative
"4) Laptop still did not work, blue screen within a week...",work,negative
"The design is awesome, quality is unprecedented.","quality,design","positive,positive"
"It was slow, locked up, and also had hardware replaced after only 2 months!",hardware,negative
That system is fixed.,system,neutral
The battery life is amazingly long at 7hrs and 5hrs if you use it.,battery life,positive
") I also purchased  Applecare  for $300, which is a three year extended warranty, since I ve never seen any laptop that lasted more than two.",extended warranty,neutral
"† I sent it back and found this time that the battery was faulty, so I got a new one and some other fixes they found.",battery,negative
I recommend for word processing and internet users.,"internet,word processing","positive,positive"
Windows is also rather unsteady on its feet and is susceptible to many bugs.,Windows,negative
This computer that I have has had issues with the keyboard where it lost half the keyboard functions.,keyboard,negative
"Three weeks after I bought the netbook, the screen quit working.",screen,negative
It was secure and easy to navigate.,navigate,positive
"Am very glad I bought it, great netbook, low price.",price,positive
"I love the dock where I can simply drop a file ontop of a particular program, and the program will simply open that file.","program,program","neutral,positive"
"The repairs were made quickly though I must say, however the second time they shipped it to the incorrect address and it took nearly a week for them to get it to me.",shipped,negative
It caught a virus that completely wiped out my hard drive in a matter of hours.,hard drive,negative
There also seemed to be a problem with the hard disc as certain times windows loads but claims to not be able to find any drivers or files.,"drivers,windows","neutral,negative"
Going to bring it to service today.,service,neutral
"Garageband is easy to work with, like all the other apple applications I've had experience with.",Garageband,positive
"The port is secured to motherboard so when this  happens you can't see the plug at all, it's just gone.",motherboard,neutral
The speed is incredible and I am more than satisfied.,speed,positive
"I edit and burn to DVD a lot of video, so I obviously could not live with a non-functioning drive.",drive,negative
With a MAC computer I have more free time as I don't have to wait for windows to boot up or shut down and all the viruses associated with windows.,"windows,boot up,windows","negative,negative,negative"
"I wish iWork or MS Office came with the Mac, but MS Office doesn't even come with most pc laptops.","MS Office,MS Office,iWork","negative,negative,negative"
I already have a HP laptop I bought last year that's standard size.,size,neutral
Ive had to call tech support many times.,tech support,neutral
The only thing that I don't like about my mac is that sometimes there are programs that I want to be able to run and I am not able to.,programs,negative
The keyboard feels good and I type just fine on it.,keyboard,positive
It is easy to go from one keyboard to another.,keyboard,neutral
"It's graphics aren't bad at all, for the lower end of the MacBook Pro spectrum, easily capable of running StarCraft II and other games with comparable graphics.","graphics,graphics","neutral,positive"
I am first time Mac Buyer and am amazed at features and ease of use the Mac offers.,"features,use","positive,positive"
"The screen is nice, side view angles are pretty good.",screen,positive
"The speed difference is next to NOTHING for a mac, and the hard drive can be manually upgraded or you could just buy a $60 500gb external hard drive.","hard drive,speed","neutral,negative"
"The other lock-up problems are from a myriad of causes, the most common being a corrupted version of Appleworks which can render the browser useless.",browser,negative
"Also, macbooks come with much more features which are so cool!",features,positive
It has a lot of memory and a great battery life.,"memory,battery life","positive,positive"
pros:  the macbook pro notebook has a large battery life and you wont have to worry to charge your laptop every five hours or so.,battery life,positive
I love the operating system and the preloaded software.,operating system,positive
I 'have had it for about a 1 1/2 and yes I have had an issue with it one month out of warranty.,warranty,neutral
The screen is gorgeous - yummy good.,screen,positive
† also the battery is completely shot.,battery,negative
"The only drawback for me is how dirty the screen gets, and rather quickly too.",screen,negative
I've also had to have the keyboard replaced at my expense.,keyboard,negative
"My daughter uses it for games, email, facebook, pictures and music.",games,neutral
The display is awesome.,display,positive
"Reason why? It's because when you buy it, you know first thing that you will not lose any value for that laptop, the price will stay the same for the next year, and even if Apple does decides to change mode, your laptop value will only drop 10-20%, unlike PC laptops which drop more than 80%.","value,value,price","positive,positive,positive"
so the fact that the computer does not work on the 24 twenty fourth day is my fault.,work,negative
Then after 4 or so months the charger stopped working so I was forced to go out and buy new hardware just to keep this computer running.,"hardware,charger,hardware,charger","negative,negative,negative,negative"
"while the keyboard itself is alright, the plate around it is cheap plastic and makes a hollow sound when using the mouse command buttons.",keyboard,positive
"i am a huge computer person i love anykind of computer that works well, but when i got this one i was so happy with the way it works and how it runs its amazing.",runs,positive
"I have found it very easy to use, very imformative, wonder alerts and tutorials making it very easy for someone like me who is not exactly technologically advanced to learn to use the various features and programs.","features,programs,use","positive,positive,positive"
It didn't take me long to get switched over to the Mac computer programs and navigation - it's been just fine and like the way this laptop functions much better.,programs,positive
"The graphics and screen are stunning and although I was a PC person, I was able to understand how to use a mac fairly quickly.","graphics,screen","positive,positive"
"Its not just slow on the internet, its slow in general.",internet,negative
the programs are esay to use and are quick to process this computer works like a charm.,"use,programs","positive,positive"
"They gave me a hard time yet again, but their was a malfunction in the battery itself, it didn't die.",battery,negative
It has easy to use features and all the speed and power I could ask for.,"features,speed,power","positive,positive,positive"
"I saw walmart had the same computer for about $650 but still knowing what I know now,I would not buy it at that price.",price,negative
†Then after paying for it to be examined I was told it was same problem cited on website but I'd have to pay anyways since it was past warrenty.,warrenty,negative
"The battery holds up well, it's built very solidly, and runs fast.","runs,battery,built","positive,positive,positive"
"Acer was no help and Garmin could not determine the problem(after spending about 2 hours with me), so I returned it and purchased a Toshiba R700 that seems even nicer and I was able to load all of my software with no problem.",software,positive
"Needs longer lasting battery, More than 1 to 2 Hrs.",battery,negative
This laptop is a great price and has a sleek look.,"price,look","positive,positive"
"If what you need is a machine to do some surfing, email checking, word processing, and watching a movie or two, this is the machine you want.",word processing,neutral
Love that it doesn't take up space like a regular computer.,space,positive
"Plain and simple, it(laptop) runs great and loads fast.","loads,runs","positive,positive"
"I am most impressed with the programming, including the iPhoto.",iPhoto,positive
"When we bought our new HP comouter in Dec. of 2008, we wanted Windows XP, but were told it would cost an extra $159, so we went with Vista.",Vista,neutral
"Anyway, in early July of this year, the DVD burner stopped working, and the computer stared having issues with power supply.","DVD burner,power supply","negative,negative"
Even though the computer is larger they did not make the keyboard larger.,keyboard,negative
I'm already hooked on the sleek look and dependability that this laptop has shown.,look,positive
The screen gets smeary and dusty very quickly and it's very noticeable.,screen,negative
Ease of use is just one of the benefits I love about my Mac.,"use,use","positive,positive"
But the machine is awesome and iLife is great and I love Snow Leopard X.,iLife,positive
The battery life is also relatively good.,battery life,positive
But see the macbook pro is different because it may have a huge price tag but it comes with the full software that you would actually need and most of it has free future updates.,software,positive
"My MacBook Pro works like a dream, it has never overheated, or even been slightly warm for that matter.",works,positive
This laptop looked brand new and was shipped very quickly.,shipped,positive
"The battery life was supposed to be 6 hours, but even if I ran off the battery with the high effeciency setting the battery would only last me on average about 2.5 to 3 hours.","battery,battery,battery life","negative,neutral,negative"
"Also, because of the size and consistancy of the laptop computer, some websites wouldn't even attempt to work on the computer because of browser problems.",size,negative
"The system constantly overheats, the battery life is too short, the case is coming apart, and my core applications that I use every day in my work as a graphic artist run poorly.","system,battery life,case","negative,negative,negative"
I took it to friend who temporarily fixed it and I finally paid about 1500 for the extended warranty.,extended warranty,neutral
"From the build quality to the performance, everything about it has been sub-par from what I would have expected from Apple.",performance,negative
Supplied software: The software that comes with this machine is greatly welcomed compared to what Windows comes with.,"software,Windows","positive,negative"
and plenty of storage with 250 gb(though I will upgrade this and the ram..),"ram,storage","neutral,positive"
"company provides UPS shipping, fast, great!",shipping,positive
My laptop now has no battery.,battery,negative
very convenient when you travel and the battery life is excellent...,battery life,positive
The only bad part is the size/weight.,"weight,size","negative,negative"
Keyboard is reasonable size.,"size,Keyboard","positive,positive"
10 plus hours of battery...,battery,positive
10 hours of battery life is really something else....,battery life,positive
I finally decided on this laptop because it was the right price for what I need it.,price,positive
Drivers updated ok but the BIOS update froze the system up and the computer shut down.,system,negative
Great product by Apple with the new great looking design.,design,positive
"I get a ton of compliments on its size, and speaking as someone who regularly commutes on a bus, I can attest to the fact that this is the perfect size computer if you're restricted to the width of your body for computing room.","size,size","positive,positive"
Comfterbale to use light easy to transport.,use,positive
"It has far exceeded my expectations for power, storage, and abilitiy.","storage,power","positive,positive"
"The price was very good, and the product is top quality.","quality,price","positive,positive"
"Some features arent friendly ( volume wheel, sound quality, etc.",features,negative
"The brand of iTunes has just become ingrained in our lexicon now, but keep in mind that Apple started it all.",iTunes,positive
My real problem with it? The statement of 7 hour battery life is not just mere exaggeration -- it's a lie.,battery life,negative
† The board has a bad connector with the power supply and shortly after warrenty expires the power supply will start having issues.,"power supply,warrenty,power supply","negative,negative,negative"
The DVD burner broke after burning 3 DVD'd during that time!,DVD burner,negative
The keyboard is too slick.,keyboard,negative
Like the price and operation.,"price,operation","positive,positive"
"† It is easy to use, fast and has great graphics for the money.","use,graphics","positive,positive"
I loaded windows 7 via Bootcamp and it works flawlessly!,windows 7,positive
This is a great little computer for the price.,price,positive
My sister has the same Mac as me and she is in a band and uses GarageBand to record and edit.,GarageBand,neutral
"I got it back and my built-in webcam and built-in mic were shorting out anytime I touched the lid, (mind you this was my means of communication with my fiance who was deployed) but I suffered thru it and would constandly have to reset the computer to be able to use my cam and mic anytime they went out.",mic,negative
There is no number pad to the right of the keyboard which is a bummer.,keyboard,negative
I have had no problems with it unlike some hardware defects on past models.,hardware,negative
I guess the only good thing that came out of these were the speakers and the subwoofer.,speakers,positive
"It is absolutely horrible to use, despite all its so called advanced features.","use,features","negative,negative"
The computer was shipped to their repair depot† on june 24 and returned on July 2 seems like a short turn around time except the computer was not repaired when it was returned.,repair depot,neutral
It really is perfect for work and play.,work,positive
It is easy to use and lightweight.,use,positive
This was the 3rd day and part still had not been shipped.,shipped,negative
It played various games without problems and ran aero smoothly and flawlessly.,games,neutral
"The Windows 7 Starter is, in my opinion, a great way to think about using your netbook: basics, basics, basics.",Windows 7 Starter,positive
they had to replace the motherboard in April,motherboard,negative
"I think part of the problem with this computer is Vista, yet I know Vista isn't the entire issue because my latest purchase was my Acer and it also has Vista (I should have waited the few months to get the next operating system).","Vista,Vista,Vista,operating system","negative,negative,negative,neutral"
"That's very possible, but since they don't make Windows XP drivers for the sound card in this machine, I was stuck until Windows 7 came out.",Windows 7,positive
"The screen is bright and vivid and the keyboard is very easy to use, very important for use quick typers.","keyboard,screen","positive,positive"
The paint wears off easily due to the keyboard being farther back than usual.,keyboard,negative
"I have had to call with a few questions or issues and they have helped me for free, even without the warranty.",warranty,neutral
"The screen is nice and the images comes very clear, the keyboard and the fit just feels right.","keyboard,screen","positive,positive"
"There is a small red circle next to it with a x in the middle, and when I click on it it says: "" Consider replacing your battery"" and it does not hold full charge.","battery,charge","neutral,negative"
power supply went bad after 2 weeks --,power supply,negative
Awesome graphics!,graphics,positive
† I actually contact Toshiba before I started having problem and was given run around after I supplied serial number in order to delay me sending in laptop until after warrenty expired.,warrenty,negative
† i must keep it plugged in at all times because it will not keep a charge for longer than four minutes.,charge,negative
The computer will constantly be getting hot and burning your leg unless you go through the hassle of taking off the entire back of it just to clean out the fan.,fan,negative
Additional caveat: the base installation comes with some Toshiba-specific software that may or may not be to a user's liking.,software,negative
This computer doesn't do that well with certain games it can't play some and it becomes too hot while playing games.,games,negative
It's a great product for a great price!,price,positive
The only thing is that the battery won't last more than 1/2 an hour.,battery,negative
"When I got my laptop back after this first instance it worked okay for a little bit then I started expeirencing issues again, everything from programs and drivers failing again, to it powering off for no reason, to locking up and freezing and just all sorts of issues.","drivers,programs","negative,negative"
"The only thing that isn't perfect about this netbook is the speakers, they are not loud at all but I expected that.",speakers,negative
"the headphone and mic jack are in front of touch-pad making the touch-pad hard to use when using headphones/mic, not to mention the laptop was designed for right handed person.",mic,negative
"Did I mention everything about it, from size to weight to keyboard screams BULK?","size,keyboard,weight","negative,negative,negative"
"Then, within 5 months, the charger crapped out on me.",charger,negative
I also like that you can scroll down in a window using two fingers on the trackpad.,trackpad,positive
I am forever changed and will no longer buy a Windows based machine for personal use.,Windows,negative
"The Macbook is also made better, my computer has never got a virus, and the laptop runs just as fast as the first day I bought it.",runs,positive
the mouse is way way way to sensitve.,mouse,negative
I reinstalled windows through the recovery discs and everything seemed good again.,windows,positive
It runs very quiet too which is a plus.,runs,positive
"†One night I turned the freaking thing off after using it, the next day I turn it on, no GUI, screen all dark, power light steady, hard drive light steady and not flashing as it usually does.",screen,negative
The price is another driving influence that made me purchase this laptop.,price,positive
The only problems are the sound isnt very loud I have to wear headphones.,sound,negative
the size of has actually help me out quite a bit by me being able to fit it in an already full backpack and to use it at a resturant where the food on the table is always so space consuming.,size,positive
"In fact, somehow (and I never opened it up) some specks of dust or something got inside the screen and are now there permanently, behind the front of the screen, in the way of the display.","screen,display,screen","negative,negative,negative"
"The dv4 boasted a faster processor, more memory, and a bigger hard drive than my old computer, plus a better quality web cam, nicer screen, and many other features.","processor,hard drive,features,screen,memory","positive,positive,positive,positive,positive"
"I bought it for my mom and she reports that the battery life lasts all day for her, it's very lightweight, and the response for the computing she's doing (Internet focused activity: mail, research, etc.) is excellent;",battery life,positive
† i have tried to charge on different batteries with no luck.,batteries,negative
"† It gets stuck all of the time you use it, and you have to keep tapping on it to get it to work.","use,work","negative,negative"
I just took the broken cords into the Apple store and they gave me new ones.,cords,positive
"(Beware, their staff could send you back making you feel that only they know what a computer is.",staff,negative
It's also very capable of doing moderate video editing (although you may need the performance boost of the larger MacBook Pros for heavy duty mobile video editing).,performance,negative
I've been impressed with the battery life and the performance for such a small amount of memory.,"battery life,performance,memory","positive,positive,negative"
"While most people say that PCs hold functionality and value and Macs are just pretty to look at, I think there's something to be said about the simplicity of Macs.","value,look","positive,positive"
"The computer continued to give me issues and in Late June it completely died again and I tried to call Acer again to get it fixed and they refused to help me, they said my warrenty was up and hung up on me.",warrenty,negative
the speed is fine.,speed,positive
It did not have all the features I expected it to have.,features,negative
The black model also has a very nice seamless appearance - one of the better looking notebooks I've seen.,appearance,positive
"Great product, very easy to use and great graphics.","graphics,use","positive,positive"
"The guy then said that if I insist on having the hinge tightened, they can do it for me but I have to accept the condition after the ""repair"".",hinge,neutral
"In†November my computer messed up entirely and wouldn't power on after intalling a Windows update, I had to have my HD flashed and lost EVERYTHING on it, including my school assignments and irriplaceable pictures that were only in digital format and several other things, when this update was installed for some reason I was unable to roll back the drivers and everything to an earlier working condition because when the update was installed it deleted my history.","drivers,HD","negative,negative"
Love the stability of the Mac software and operating system.,operating system,positive
"The Bluetooth was not there at all, and the fingerprint reader driver would be there, but the software would hang after installation was 1/2 way done.","Bluetooth,software","negative,negative"
I could save ten essay papers and have hardly any memory left.,memory,negative
Runs smooth and quick.,Runs,positive
"The Macbook starts fast, doesn't crash, has a fantastic display, is small and light (I have the 13.3"" model), and isn't always complaining about updates, lost connections, errors, blue screens, etc.",display,positive
"Yes, the computer was light weight, less expensive than the average laptop, and was pretty self explantory in use.",use,positive
The extended warranty for the $4000 and up computers was the only one available for purchase on the drop drown menu.,extended warranty,neutral
"Then HP sends it back to me with the hardware screwed up, not able to connect.",hardware,negative
What I'd like is for the laptop to run well without having to purchase additional memory.,"run,memory","neutral,negative"
"While it was highly rated, would I like it? I tried the keyboard at the store, and it seemed ok.",keyboard,neutral
"Because we did not purchase the extended warranty in time, we are on the hook for the repair.",extended warranty,negative
"The price premium is a little much, but when you start looking at the features it is worth the added cash.",features,positive
The speakers on it are useless too.,speakers,negative
Great laptop that offers many great features!,features,positive
"Overall, I experienced a huge change in that my mac runs pretty fast compared to my old PC.",runs,positive
"no complaints with their desktop, and maybe because it just sits on your desktop, and you don't carry it around, which could jar the hard drive, or the motherboard.","motherboard,hard drive","neutral,neutral"
great battery life.,battery life,positive
) I also tried the touch pad and compared it to other netbooks in the store.,touch pad,neutral
"With today's company fighting over marketshare, its a shame that ASUS can get away with the inept staff answering thephone.",staff,negative
You will need them if you want to reload the OS (I recommend doing if you can to start fresh and optimal).,OS,neutral
Keyboard good sized and wasy to use.,"Keyboard,use","positive,positive"
"they improved nothing else such as Resolution, appearance, cooling system, graphics card, etc.","appearance,cooling system,graphics card","negative,negative,negative"
I now realize that my $900 would have been better spent on a Windows laptop.,Windows,positive
"It is well worth the money it cost, Very good investment.",cost,positive
The battery has never worked well.,battery,negative
So we exchanged it for the same on and after 2 hours it didn't work.,work,negative
"† Also, I have had alot of trouble with the keys sticking and will not type correctly.",keys,negative
"The price is great for this model, I only plan on using it for media in the entertainment room.",price,positive
"It has many great programs, such as ILife, iPhotos and others.",programs,positive
Boots up fast and runs great!,runs,positive
"Apparently under the screen there are 2 little screws and when the screen gets moved back and forth, they come loose.","screen,screen","neutral,neutral"
"I picked it out because it was inexpensive ($400) and I thought it would be a good, easy to use first laptop.",use,positive
"When you look at the specs on Apple products in comparison to a Dell or a HP, yes they do seem to offer less for a higher cost.",cost,negative
Everything about this computer is easy to use.,use,positive
Since I've had this computer I've only used the trackpad because it is so nice and smooth.,trackpad,positive
"Suffice it to say, my MacBook Pro keeps me going with its long battery life and blazing speed.","speed,battery life","positive,positive"
I got my MacBook Pro because I wanted to do all the stuff I need to do without worrying about the system quitting on me or freezing for a few minutes.,system,neutral
When I got the computer back and realizwed it still was not correct HP told me it was out of warranty and now it was my problem.,warranty,neutral
"So I called customer support (which is good too) and they went through it and it is just a safety feature and it does not affect performance at all, I just chose to hide the message.","performance,customer support","neutral,positive"
They sent it back with a huge crack in it and it still didn't work.,work,negative
I purchased this netbook after my original Toshiba laptop crashed right after the warranty expired.,warranty,negative
I had read online that some users were having sound problems.,sound,negative
The games included are very good games.,"games,games","neutral,positive"
"If upgrade is possible to the full Windows 7, then I will truly be a very happy geek.",Windows 7,positive
"First things first, Macbook pro has many applications to make life easier, unlike the windows computers.","applications,windows","positive,negative"
/ awesome cooling system/ much better grafics card (ATI 5870) / 8GB RAM/ LED backlit screen...,cooling system,positive
The battery life was shorter than expected.,battery life,negative
"The tech guy then said the service center does not do 1-to-1 exchange and I have to direct my concern to the ""sales"" team, which is the retail shop which I bought my netbook from.",service center,negative
The laptop was very easy to set up.,set up,positive
"The improvements to the OS have been relatively gradual, but substantive.",OS,positive
"I wouldn't play a first-person shooter with this, mind, but if you wanted to run MS Office, email, chat, download a video, listen to music from a certain fruit-named music store, and were looking for a highly portable yet powerful netbook to do that all in, I'd highly recommend checking this out.",MS Office,neutral
"I think the manual is somewhere on the hard drive, but I rather have a hard copy.",hard drive,neutral
"I never had this kind of quality issue with Dell (not to say Dell is that great), not with a brand new laptop.",quality,negative
"Everything is so easy to use, Mac software is just so much simpler than Microsoft software.",use,positive
"I wanted to purchase the extended warranty and they refused, because they knew it was trouble.",extended warranty,neutral
"The fact that the screen reacts to the lighting around you is an added luxury-when you are working around others in dark areas and want privacy or don't want to bother them with bright lighting, it is very convenient to have a darker, softer lit screen.","screen,screen","positive,positive"
"But after using it a couple of weeks, the overall operation is poor.",operation,negative
"I have Vista, so I am unable to install and uninstall† some programs.","Vista,programs","negative,negative"
I thought the white Mac computers looked dirty too quicly where you use the mousepad and where you place your hands when typing.,mousepad,neutral
I am enjoying it and the quality it provides is great!,quality,positive
The programs that come standard with the Leopard running system are enough for the average person to run all the basics.,programs,positive
"PC users work in Word, while Mac users work in Pages.","Word,Pages","neutral,neutral"
Good monitor and performed well.,monitor,positive
"I love windows 7 but i can't give Toshiba any credit for that, unless y'all get serious about ergonomics and making required connections less obtrusive i will be looking to different manufacturer next time.",windows 7,positive
"There are several programs for school or office use (Pages, Numbers, Keynote, etc.), music (Garageband), photo management (Photo Booth, iPhoto), video-editing or movie-making (iMovie), etc.","programs,Garageband,Keynote,Pages,iPhoto,iMovie","neutral,neutral,neutral,neutral,neutral,neutral"
PC users use the Powerpoint program for slide-show presentation and Mac users utilize Keynote.,Keynote,neutral
Typing on the keyboard becomes uncomfortable after extended use due to the sharp edges that your wrists rest on.,"keyboard,edges","negative,negative"
It's priced very reasonable and works very well right out of the box.,works,positive
"At first, the computer seemed a great deal--seemingly high-end specs for a low, low price.","specs,price","positive,positive"
It's fast and has excellent battery life.,battery life,positive
HP is more interested in selling extended warranties (which cost more than the netbook new) then they are in helping or fixing.,cost,negative
"Fan vents to the side, so no cooling pad needed, great feature!",feature,positive
And if you have a iphone or ipod touch you can connect and download songs to it at high speed.,speed,positive
lots of extra space but the keyboard is ridiculously small.,"space,keyboard","positive,negative"
"For me, keys were starting to get stuck and wouldn't type very well.",keys,negative
I took off a star because the machine has a lot of junk software on it.,software,negative
It just works flawlessly!,works,positive
Pay attention to the specs if you want these options.,specs,neutral
"I previously purchased a 13"" macbook (had pro specs and was aluminum style) which had a nvidia 9800 (If I am not mistaken) and it had major heating issues.",specs,positive
A seventy dollar mouse!,mouse,neutral
After that I turned to email in my next vain help to get them to acknowledge that the warranty was still valid.,warranty,neutral
