text,joint
"But the quality, in general was less than the worth of the cheap laptop.",quality/negative
"The 2 GB of RAM is plenty, able to run Windows 7 and at least 2 or 3 other programs with next to no slowdown.","programs/positive,Windows 7/positive"
"however, I may have inadvertently thrown out one of the batteries with the shipping carton.",batteries/neutral
"It takes me approximately 3 tries to get to each site, then after closing the browser and reopening it it actually works.",browser/neutral
"The Macbook is also made better, my computer has never got a virus, and the laptop runs just as fast as the first day I bought it.",runs/positive
"I got it back again and was told the motherboard had been replaced, so I was now on the SECOND motherboard within 3 months.","motherboard/negative,motherboard/negative"
"† Until I bought the Dell, I thought you just looked for what you wanted (size, software, options, hardware) and purchase the best deal you could find.","size/neutral,software/neutral,hardware/neutral"
"Although the price is higher then Dell laptops, the Macbooks are worth the dough.",price/negative
"I mainly use it for email, internet, and managing personal files (pics, vids, etc.).",internet/neutral
Great pick for portability and affordability.,portability/positive
I wish Toshiba would allow their customers to select an option that only boots the OS at setup and removes all the unnecessary stuff.,OS/neutral
It has good speed and plenty of hard drive space.,speed/positive
"They gave me a hard time yet again, but their was a malfunction in the battery itself, it didn't die.",battery/negative
Great product by Apple with the new great looking design.,design/positive
The battery life is also relatively good.,battery life/positive
"Even though it is running Snow Leopard, 2.4 GHz C2D is a bit of an antiquated CPU and thus the occasional spinning wheel would appear when running Office Mac applications such as Word or Excel.",Word/negative
Everything I have tried has worked and I never have to carry the wall charger cause the battery is so awesome.,battery/positive
"It started out by randomly ceasing to charge when it was plugged in (mousing over the battery icon would read, for example, ""74%, plugged in, not charging""), requiring me to unplug it and plug it back in several times to get it to charge.","charge/negative,charge/neutral"
"Would like more trendy, high tech features.",features/negative
It's also very capable of doing moderate video editing (although you may need the performance boost of the larger MacBook Pros for heavy duty mobile video editing).,performance/negative
"(Beware, their staff could send you back making you feel that only they know what a computer is.",staff/negative
power supply went bad after 2 weeks --,power supply/negative
"Great laptop for school, easy to use for beginners in the household.",use/positive
"In fact, somehow (and I never opened it up) some specks of dust or something got inside the screen and are now there permanently, behind the front of the screen, in the way of the display.","screen/negative,display/negative,screen/negative"
"Mine came at $1,700 w/o a DVD burner (!).",DVD burner/negative
"As a computer science student in college, I find that the portability, longevity, and ease of use of this computer make me (shockingly) want to do homework more;","portability/positive,use/positive"
"I thought learning the Mac OS would be hard, but it is easily picked up if you are familiar with a PC.",Mac OS/positive
"If what you need is a machine to do some surfing, email checking, word processing, and watching a movie or two, this is the machine you want.",word processing/neutral
"The display is incredibly bright, much brighter than my PowerBook and very crisp.",display/positive
"I love the size, keyboard, the functions.","size/positive,functions/positive,keyboard/positive"
†Then after paying for it to be examined I was told it was same problem cited on website but I'd have to pay anyways since it was past warrenty.,warrenty/negative
The best thing about this laptop is the price along with some of the newer features.,"price/positive,features/positive"
But the machine is awesome and iLife is great and I love Snow Leopard X.,iLife/positive
"I love the solid machined aluminum frame, and the keyboard is the best of any laptop I've used.",keyboard/positive
"It absolutely is more expensive than most PC laptops, but the ease of use, security, and minimal problems that have arisen make it well worth the pricetag.",use/positive
"Waiting for the i7 was well worth it, great value for the price.",price/positive
† There's literally no way to make it sing with Vista.,Vista/negative
"I paid for extra memory and the 17-inch screen, as well as the top of the line DVD and CD burners.",memory/neutral
"Your cursor will end up all over the freaking place,,,it's not uncommon for me to accidentally delete words, sentences, paragraphs because of this mousepad.",mousepad/negative
The battery has never worked well.,battery/negative
The screen gets smeary and dusty very quickly and it's very noticeable.,screen/negative
After that I turned to email in my next vain help to get them to acknowledge that the warranty was still valid.,warranty/neutral
"The Macbook starts fast, doesn't crash, has a fantastic display, is small and light (I have the 13.3"" model), and isn't always complaining about updates, lost connections, errors, blue screens, etc.",display/positive
The graphics are stunning.,graphics/positive
Its very nice and once you learn the features you will be so happy to have such a sophisticated computer.,features/neutral
"It is easy to use, its keyboard easily accommodates large hands, and its weight is fantasic.","use/positive,weight/positive,keyboard/positive"
"I made a photo book as a gift, on my computer, pushed ""Buy"" and it drew from my iTunes account and sent the book to my house, the book was of perfect quality-exactly how I had created it and looked better than I had even imagined.",iTunes/neutral
The screen is bright and the keyboard is nice;,"keyboard/positive,screen/positive"
i also love having the extra calculator number set up on the keyboard which most laptops do not have.,keyboard/positive
"everything about a mac is wonderful, it takes a little used to learning and getting used to the new system, but you will learn fast and its all worth it.",system/neutral
"The screen is nice, side view angles are pretty good.",screen/positive
† since then†i have had minor problems with slow operation.,operation/negative
"I also got the added bonus of a 30"" HD Monitor, which really helps to extend my screen and keep my eyes fresh!",screen/neutral
the mouse jumps around all the time and it clicks stuff i dont want it too.,mouse/negative
The processor a AMD Semprom at 2.1 ghz is a bummer it does not have the power for HD or heavy computing.,processor/negative
But sadly the replacement froze-up while updating the BIOS again and shut down and would not turn back on.,BIOS/negative
also the keyboard does not liht up so unless your sitting in a room with some light you cant see anything and thats bad for me because my boyfriend tends to watch tv in the dark at night which leaves me with no way of seeing the keyboard.,"keyboard/negative,keyboard/negative"
He has replaced his hard drive twice and (of course) has had to pay for antivirus software every year.,hard drive/negative
"My daughter uses it for games, email, facebook, pictures and music.",games/neutral
-Computer crashed frequently and battery life decreased very quickly.,battery life/negative
"Overall, I experienced a huge change in that my mac runs pretty fast compared to my old PC.",runs/positive
"Accordingly, I have decided to NEVER purchase another HP product (my five year old Compaq) lasted 5-years before the hard drive crashed.",hard drive/negative
"When you look at the specs on Apple products in comparison to a Dell or a HP, yes they do seem to offer less for a higher cost.",cost/negative
"It is absolutely horrible to use, despite all its so called advanced features.","use/negative,features/negative"
The keyboard is slick and quiet and not bulky like some other laptops I have had in the past.,keyboard/positive
Thank you Best Buy for putting my computer together and installing my first software - you guys were GREAT too!,software/neutral
BUT there's this application called Boot Camp which allows you to add another OS X like Windows.,"Windows/neutral,OS X/neutral"
"The touchpad is extremely sensitive, which is the only drawback.",touchpad/negative
I charge it at night and skip taking the cord with me because of the good battery life.,battery life/positive
"The screen is nice and the images comes very clear, the keyboard and the fit just feels right.","keyboard/positive,screen/positive"
"A cheaper price should not equal a ""cheap"" product.",price/positive
The keyboard is like no other laptop keyboard.,"keyboard/neutral,keyboard/neutral"
"That's very possible, but since they don't make Windows XP drivers for the sound card in this machine, I was stuck until Windows 7 came out.",Windows 7/positive
Downfalls: sharp edges.,edges/negative
"It was still working, but there was nothing on the screen.",screen/negative
Windows is also rather unsteady on its feet and is susceptible to many bugs.,Windows/negative
it is very easy for anyone to use an apple and specially the mcbook pro notebook.,use/positive
"Seems to slow down occassionally but can run many applications (ie Internet tabs, programs, etc) simultaneously.","programs/neutral,applications/positive"
The shop will definitely push the problem to the service center.,service center/neutral
"Call tech support, standard email the form and fax it back in to us.",tech support/neutral
"The screen takes some getting use to, because it is smaller than the laptop.",screen/negative
"The battery life was supposed to be 6 hours, but even if I ran off the battery with the high effeciency setting the battery would only last me on average about 2.5 to 3 hours.","battery/negative,battery/neutral,battery life/negative"
and it comes with the new OSX that comes with new features that makes the use more easy.,"use/positive,features/positive"
"The Bluetooth was not there at all, and the fingerprint reader driver would be there, but the software would hang after installation was 1/2 way done.","Bluetooth/negative,software/negative"
Good price.,price/positive
"I am constantly trying to uninstall programs, clean cookies, and delete unused files.",programs/neutral
"it might be something deep within Windows, for I was unable to create a disk image on my hard drive.","Windows/negative,hard drive/negative"
All for such a great price.,price/positive
It is easy to operate and I have already ordered more software and gadgets for my new Rolls Royce of laptops.,software/neutral
"Also, because of the size and consistancy of the laptop computer, some websites wouldn't even attempt to work on the computer because of browser problems.",size/negative
"The flaws are, this computer is not for computer gamers because of the OS X.",OS X/negative
Very fast boot up and shut down.,boot up/positive
"It is easy to use, has great screen quality, and every so light weight.",use/positive
"Compared to similarly spec'd PCs, this machine is good value, well built and works easily right out of the box.","value/positive,built/positive,works/positive"
My wireless system would not recognize Windows 7 and I couldn't get online to find out why.,Windows 7/neutral
"† Worse, for the price I could get a *netbook* that outperforms this machine.",price/negative
It seems they could have updated XP and done without creating Vista.,Vista/negative
Was very much worth the price i paid.,price/positive
It was super easy to set up and Is really easy to get used to.,set up/positive
It runs very quiet too which is a plus.,runs/positive
"it is of high quality, has a killer GUI, is extremely stable, is highly expandable, is bundled with lots of very good applications, is easy to use, and is absolutely gorgeous.","use/positive,applications/positive,quality/positive"
"† Another THREE weeks later I had my laptop back with a new mousepad, keys, and casing.","keys/neutral,mousepad/neutral"
"no complaints with their desktop, and maybe because it just sits on your desktop, and you don't carry it around, which could jar the hard drive, or the motherboard.","motherboard/neutral,hard drive/neutral"
"I hope to edit this in the next few hours, I am going to try to install my own copy of Windows 7.",Windows 7/neutral
It was secure and easy to navigate.,navigate/positive
"The battery never held a charge longer than one hour and within two months, stopped holding a charge for more than ten minutes.","charge/negative,charge/negative,battery/negative"
"Great battery, speed, display.","battery/positive,speed/positive,display/positive"
Had some trouble finding a case that it would fit in.,case/negative
"If your time is worth anything to you, if you are tired of rebooting, reformatting, reinstalling, trying to find drivers, if you want a computer to work for you for a change, make the change to this computer.",drivers/negative
"I just plug this into my 22"" Monitor and the speedy MacOSX performs just as well on this dual-core that my Dell did with Windows 7 with a quad-core.",Windows 7/positive
":-)If you buy this - don't go into it expecting 7 hrs of battery life, and you'll be perfectly satisfied.",battery life/negative
"My MacBook Pro works like a dream, it has never overheated, or even been slightly warm for that matter.",works/positive
The computer will constantly be getting hot and burning your leg unless you go through the hassle of taking off the entire back of it just to clean out the fan.,fan/negative
this apple navigates you thru the unexplored world of the internet.,internet/neutral
"Also it is very good for college students who just need a reliable, easy to use computer.",use/positive
defective software.,software/negative
It's fast and has excellent battery life.,battery life/positive
Ease of use is just one of the benefits I love about my Mac.,"use/positive,use/positive"
My battery went bad about a year and a half after having it and it cost around eighty to a hundred dollars!,battery/negative
"I know there are way better laptops out there for the same price, and why spend money on shit when you can go out and get yourself a perfectly decent laptop that doesnt suck total monkey balls.",price/neutral
"you can find many laptops with the same performance and even better with lower price, but you cannot find the look, easy, applications, and the experience in mac.","performance/neutral,price/positive,look/positive,applications/positive"
The only downfall is a lot of the software I have won't work with Mac and iWork is not worth the price of it.,"price/negative,software/negative,iWork/negative"
"Typically, when I purchase a new laptop I always end up using an external mouse for convenience.",external mouse/neutral
"Because we did not purchase the extended warranty in time, we are on the hook for the repair.",extended warranty/negative
"I have Vista, so I am unable to install and uninstall† some programs.","Vista/negative,programs/negative"
they had to replace the motherboard in April,motherboard/negative
It is light and the battery last a very long time.,battery/positive
It gives me the power and speed that I need to run all the programs I use to edit.,"programs/neutral,speed/positive,power/positive"
"Being a PC user my whole life, it's taking a bit of time to adapt to the OS of a Mac but I'm finding my way around.",OS/neutral
"One drawback, I wish the keys were backlit.",keys/negative
Took several hours with customer support before I could even start the PC out of the box.,customer support/negative
† The machine is slow to boot up and occasionally crashes completely.,boot up/negative
The keyboard feels good and I type just fine on it.,keyboard/positive
"PC users work in Word, while Mac users work in Pages.","Word/neutral,Pages/neutral"
"So, after Apple replaced the hard drive I enjoyed another 4 months of my new computer, until it froze this morning--completely.",hard drive/neutral
so the fact that the computer does not work on the 24 twenty fourth day is my fault.,work/negative
The graphics were awful and the warranty isn't even worth the cheap payment on the computer.,"warranty/negative,graphics/negative"
the speed is fine.,speed/positive
Runs smooth and quick.,Runs/positive
"After 2 months of complaints, Asus finally sent the right power supply to my techies.",power supply/neutral
"The battery life, before the battery completely died of course, left much to be desired.","battery/negative,battery life/negative"
I think that if it is the motherboard again so soon that they should replace it.,motherboard/negative
"The speed difference is next to NOTHING for a mac, and the hard drive can be manually upgraded or you could just buy a $60 500gb external hard drive.","hard drive/neutral,speed/negative"
The downside to this netbook is pretty much the same for any netbook: screen size is not something I'd stare at for the entire 10-11 hours of battery life five days a week.,"screen size/neutral,battery life/neutral"
A mac is very easy to use and it simply makes sense.,use/positive
You can call HP and they want you to buy more software to fix it.,software/neutral
"I did think it had a camera because that was one of my requirements, but forgot to check in the specifications on this one before I purchased.",specifications/neutral
System is loosing about 20% of performance because of that.,performance/negative
The laptop was very easy to set up.,set up/positive
When I finally had everything running with all my software installed I plugged in my droid to recharge and the system crashed.,"system/negative,software/neutral"
"When we bought our new HP comouter in Dec. of 2008, we wanted Windows XP, but were told it would cost an extra $159, so we went with Vista.",Vista/neutral
Many kinds of software that is necessary to the working person is not available and cannot be downloaded.,software/negative
The large screen gives you the option to comfortably watch movies or TV shows on your computer instead of buying an additional TV for your dorm room.,screen/positive
The mousepad is a huge pain in the arse!,mousepad/negative
and looks very sexyy:D  really the mac book pro is the best laptop specially for students in college if you are not caring about price.,price/negative
Also kinda loud when the fan was running.,fan/negative
"Am very glad I bought it, great netbook, low price.",price/positive
"There are no gold key numbers too intall programs, you must use the serial numbers that it does not accept and then things are limited as far a working because they are only good for a short time.",programs/negative
† Sometimes the screen even goes black on this computer.,screen/negative
"Without a doubt, the *design* of this laptop is fantastic.",design/positive
"I upgraded it's RAM to 2GB, I am very happy with it.",RAM/positive
Sells for the same as a netbook without sacrificing size.,size/positive
We researched and found the best price at MacConnection.,price/positive
I thought the white Mac computers looked dirty too quicly where you use the mousepad and where you place your hands when typing.,mousepad/neutral
"while about 8 years ago, I hope that the quality has changed.",quality/negative
For the [$] price (special offer) this is a great laptop.,price/positive
The large screen also helps when you are working in design based programs like Adobe Creative Suite.,screen/positive
"For the Bluetooth to work properly, you must install the Launch Manager on the Drivers/Applications DVD, or it will not show after the reload.",Bluetooth/neutral
That whole experience was just ridiculous we sent it in and after they told us that we had to pay $175 to fix it we were like we will just by a portable mouse which would be way cheaper but they refused to send the laptop back until we paid the $175 and it was fixed.,mouse/positive
"Also, HDD secures inside using rails, and there is only one set on the main hard drive.",hard drive/neutral
"I have had to call with a few questions or issues and they have helped me for free, even without the warranty.",warranty/neutral
but it  has a major design flaw.,design/negative
"Then, within 5 months, the charger crapped out on me.",charger/negative
Ive had to call tech support many times.,tech support/neutral
I was disappointed when I realized that the keyboard doesn't light up on this model.,keyboard/negative
The Toshiba Satellite has been more than I expected for the price.,price/positive
It runs perfectly.,runs/positive
Another issue I have with it is the battery.,battery/negative
/ awesome cooling system/ much better grafics card (ATI 5870) / 8GB RAM/ LED backlit screen...,cooling system/positive
"The acer one computer that I bought is 17 ince screen and its hard to find lap top bags for it, but I like the big screen on it.",screen/positive
"† Also, I have had alot of trouble with the keys sticking and will not type correctly.",keys/negative
"It has many great programs, such as ILife, iPhotos and others.",programs/positive
"† It gets stuck all of the time you use it, and you have to keep tapping on it to get it to work.","use/negative,work/negative"
"I wouldn't play a first-person shooter with this, mind, but if you wanted to run MS Office, email, chat, download a video, listen to music from a certain fruit-named music store, and were looking for a highly portable yet powerful netbook to do that all in, I'd highly recommend checking this out.",MS Office/neutral
"My last computer, a Toshiba, cost only $400, and worked like a charm for many years.",cost/positive
The Computer itself is a good product but the repair depot stinks.,repair depot/negative
My husband got me this for Chrismas after getting me a very expensve laptop that did not work after 2 days.,work/negative
"the headphone and mic jack are in front of touch-pad making the touch-pad hard to use when using headphones/mic, not to mention the laptop was designed for right handed person.",mic/negative
"All in all, a very disappointing experience except that I learned how good the Geek Squad is and also Customer Service.",Customer Service/positive
"The computer runs extremely slowly, whether opening Word or My Computer.",runs/negative
So we exchanged it for the same on and after 2 hours it didn't work.,work/negative
He loves it and it is easy to use and well the schools start teaching the kids early about computers so it was easy for him to get started.,use/positive
"Not only are the versions of these programs able to be saved, worked on and opened on both a PC and Mac, the versions of these programs on a Mac are graphically and functionally superior.","programs/positive,programs/positive"
Can listen to my music and watch my videos with ease and with a great display.,display/positive
Mac also has many apps and programs that are quite cheap or free.,programs/positive
"Otherwise, all other features are a 1",features/neutral
"I would definitely reccomend this if you are in the market for an easy to use, stylish, fun, awesome computer.",use/positive
Later it held zero charge and its replacement worked for less than three months.,charge/negative
Disappointing for such a lovely screen and at a reasonable price,"price/positive,screen/positive"
"† It is easy to use, fast and has great graphics for the money.","use/positive,graphics/positive"
Vista is a nightmare.,Vista/negative
"As with any laptop not purchased with software options, it comes with a lot of what I consider useless applications.",applications/negative
Runs Hot  I thought we were paying for quality in our decision to buy an Apple product.,quality/negative
It made the computer much easier to use and navigate.,"navigate/positive,use/positive"
I take it everywhere with me because it's so easy to carry.,carry/positive
Has a 5-6 hour battery life.,battery life/neutral
It is good to know that I can mobilize without having to worry about the battery life.,battery life/positive
the mouse pad and buttons are the worst i've ever seen.,"buttons/negative,mouse pad/negative"
"I edit and burn to DVD a lot of video, so I obviously could not live with a non-functioning drive.",drive/negative
"The other lock-up problems are from a myriad of causes, the most common being a corrupted version of Appleworks which can render the browser useless.",browser/negative
If you check you will find the same notebook with the above missing ports and a dual core AMD or Intel processor.,processor/neutral
"The battery life sucked the juice from my laptop and when the extended life battery went out we were SOL there to, so much for that warranty covering all the products we purchased.","battery life/negative,warranty/negative"
This is a great little computer for the price.,price/positive
† Again I sent it back and they replaced the motherboard and some fan inside.,"fan/neutral,motherboard/neutral"
"My friend just had to replace his entire motherboard, so did my wife, and it looks like I will have to as well.",motherboard/negative
"When I got my laptop back after this first instance it worked okay for a little bit then I started expeirencing issues again, everything from programs and drivers failing again, to it powering off for no reason, to locking up and freezing and just all sorts of issues.","drivers/negative,programs/negative"
"The laptop is very lightweight, can easily carry around in a knapsack full of text books and it barely adds any weight.","weight/positive,carry/positive"
"I also purchased iWork to go with it which has programs for word processing, spreadsheets, and presentations (similar to Microsoft Office).","word processing/neutral,programs/neutral,iWork/neutral"
"With what I do know how to do, the computer works beautiful.",works/positive
"It has a 10 hour battery life when you're doing web browsing and word editing, making it perfect for the classroom or office, and in terms of gaming and movie playing it'll have a battery life of just over 5 hours.","gaming/neutral,battery life/positive,web browsing/neutral,battery life/positive"
Keyboard could use some trimming.,Keyboard/negative
"Only issue is that it is a little slow, and I'm fixing that by adding more RAM.",RAM/neutral
"Of course, I also have several great software packages that came for free including iWork, GarageBand, and iMovie.","iMovie/positive,iWork/positive,GarageBand/positive"
I've also had to have the keyboard replaced at my expense.,keyboard/negative
"The improvements to the OS have been relatively gradual, but substantive.",OS/positive
"Info: Windows failed to load because the kernal is missing, or corrupt.",Windows/negative
"After having two PC laptops die with in the past 3 years, I was led to the Apple display at Best Buy by the sleek design and promise of less tech issues.",design/positive
† I was also able to install and use my Photoshop and AfterEffects programs easily.,Photoshop/positive
Fan noise: The fan made a constant hissing noise in the background.,fan/negative
"I chose the iBookG4, a laptop that is an attractive computer with a large screen big enough to please anyone.",screen/positive
But see the macbook pro is different because it may have a huge price tag but it comes with the full software that you would actually need and most of it has free future updates.,software/positive
"There are several programs for school or office use (Pages, Numbers, Keynote, etc.), music (Garageband), photo management (Photo Booth, iPhoto), video-editing or movie-making (iMovie), etc.","programs/neutral,Garageband/neutral,Keynote/neutral,Pages/neutral,iPhoto/neutral,iMovie/neutral"
"While I mostly use it for email, internet and gaming, I'm confident all other applications live up to the high standard I've come to appreciate from Mac laptops.","gaming/neutral,internet/neutral,applications/positive"
The computer is currently in West Verginia doe to the method of shipping choosen by Toshiba.,shipping/negative
"The tech guy then said the service center does not do 1-to-1 exchange and I have to direct my concern to the ""sales"" team, which is the retail shop which I bought my netbook from.",service center/negative
"It even has a great webcam, and Skype works very well.",webcam/positive
"Actually, I had noticed the one on the sales floor also didn't have sound!",sound/negative
It has a faster processor and more ram.,"processor/positive,ram/positive"
This laptop looked brand new and was shipped very quickly.,shipped/positive
"Called tech support and got the usual Acer ""We don't support software but for $$$ we can help you"" I explained there was no software involved in booting.","software/negative,software/negative"
It played various games without problems and ran aero smoothly and flawlessly.,games/neutral
"The only thing I didn't learn in my research was the software I would need like privacy protection and warranty protection, in case it gets broken, or crashes etc.",software/neutral
the i3 processor doesn't seem to run hot and the fan rarely turns on.,fan/positive
"† We have had numerous problems with Vista, such as Adobe Flash player just quits and has to be uninstalled and then reinsalled, Internet Explore just quits and you lose whatever you were working on, also, the same Windows update has appeared on this computer since we got it and has been updated probably 400 times, the same update.",Vista/negative
There is nothing to complain about the system.,system/positive
"I wish it had a webcam though, then it would be perfect!",webcam/negative
I always have used a tower home PC and jumped to the laptop and have been very satisfied with its performance.,performance/positive
They say that this will invalidate the warranty on the hard drive (I don't really understand why but anyway).,"hard drive/neutral,warranty/negative"
"I picked it out because it was inexpensive ($400) and I thought it would be a good, easy to use first laptop.",use/positive
"But, for the cost this is a winner.",cost/positive
the graphics are awful and the wireless switch it at the top rather than the side which I am used to it being on the side.,graphics/negative
Microsoft seems to be unable to keep up with repairs for the multitude of windows problems.,windows/negative
This is a great value for the money.,value/positive
There also seemed to be a problem with the hard disc as certain times windows loads but claims to not be able to find any drivers or files.,"drivers/neutral,windows/negative"
"Anyway, in early July of this year, the DVD burner stopped working, and the computer stared having issues with power supply.","DVD burner/negative,power supply/negative"
"The price was very good, and the product is top quality.","quality/positive,price/positive"
"I love the dock where I can simply drop a file ontop of a particular program, and the program will simply open that file.","program/neutral,program/positive"
"I bought it from HSN because it was ""bundled"" with extra software, but as it turns out, that software just crashes it more often.....",software/negative
"But with A WAY Bigger Screen, and IS able to connect to an HDMI.",Screen/positive
The macbooks are small enough to be very portable yet hold tons of information and performance.,performance/positive
"Now the screen is going darker, darker, darker.",screen/negative
The extended warranty for the $4000 and up computers was the only one available for purchase on the drop drown menu.,extended warranty/neutral
"The pro is a great product, I wish that the 13 inch models came with the Intel i processors and had a more comfortable edge (the edges hurt my wrists).",edges/negative
"i am a huge computer person i love anykind of computer that works well, but when i got this one i was so happy with the way it works and how it runs its amazing.",runs/positive
"I upgraded the memory and replaced the base Windows 7 Starter to Win 7 Home, and it runs just fine.","runs/positive,memory/neutral,Windows 7 Starter/neutral"
"I would recommend this computer to anyone searching for the perfect laptop, and the battery life is amazing.",battery life/positive
"It didn't come with any software installed outside of windows media, but for the price, I was very pleased with the condition and the overall product.","price/positive,software/negative"
"Suffice it to say, my MacBook Pro keeps me going with its long battery life and blazing speed.","speed/positive,battery life/positive"
I was sorly disapointed to discover that HP (what I thought was a reputable company) wouldn't honor the warrenty when the fan blade fell apart.,warrenty/negative
I already have a HP laptop I bought last year that's standard size.,size/neutral
"Overall the computer is very easy to use, the screen is perfect, great computer, my daughter loves.","use/positive,screen/positive"
PC never worked right even after BIOS fixed.,BIOS/negative
Keyboard is reasonable size.,"size/positive,Keyboard/positive"
It caught a virus that completely wiped out my hard drive in a matter of hours.,hard drive/negative
"The Mac Snow Leopard O/S is extremely easy to use, although very different than Win XP, Visa or Win7.",use/positive
"I got it back and my built-in webcam and built-in mic were shorting out anytime I touched the lid, (mind you this was my means of communication with my fiance who was deployed) but I suffered thru it and would constandly have to reset the computer to be able to use my cam and mic anytime they went out.",mic/negative
"They said that my computer was covered on an extended warranty, and that products with† extended warranties are taken care of through third parties and not Sony itself anymore.",extended warranty/neutral
"Treat yourself to a more expensive, long-lasting laptop of quality like a Sony, Apple, or Toshiba.",quality/positive
The only bad part is the size/weight.,"weight/negative,size/negative"
The size is perfect and I do not recomend anything bigger except for any person who can exceed the limited space it gives you.,"space/negative,size/positive"
We upgraded the memory to four gigabytes in order to take advantage of the performace increase in speed.,"speed/positive,memory/neutral"
This system came loaded with Windows 7 Starter.,Windows 7 Starter/neutral
"Some features arent friendly ( volume wheel, sound quality, etc.",features/negative
The battery gets so HOT it is scary.,battery/negative
Everything about this computer is easy to use.,use/positive
"This purchase opened me to the world of Macbooks, and I am impressed with the intuition of the design, the beauty of the product, and the excellent technological advances associated with it.",design/positive
3 weeks went by and the computer keeps crashing and will not open any applications.,applications/neutral
Its also FUN to use!,use/positive
Again- windows based machines were not giving me anything to work with!,windows/negative
great battery life.,battery life/positive
"I use this for my tutoring business, and since I'm always bouncing from student to student, it is ideal for portability and battery life (yes, it gets the 8 hours as advertised!).","battery life/positive,portability/positive"
"Even so, I like playing online games, so it was wonderful that there is a feature where I can dualboot Windows.","games/neutral,feature/positive,Windows/positive"
"Yes, the computer was light weight, less expensive than the average laptop, and was pretty self explantory in use.",use/positive
Then after 4 or so months the charger stopped working so I was forced to go out and buy new hardware just to keep this computer running.,"hardware/negative,charger/negative,hardware/negative,charger/negative"
"also you may need to charge it once a day, if for medium use every thing fast and easy with mac  the size and look is the most feature that attracted me to it.","look/positive,feature/positive,charge/neutral,size/positive"
"I dislike the weight and size, cubersome.","size/negative,weight/negative"
"The video card is great for media, and above average for gaming, but not a gamers first choice.",gaming/positive
"I never had this kind of quality issue with Dell (not to say Dell is that great), not with a brand new laptop.",quality/negative
"†A coupla months later, they change my hard drive.",hard drive/negative
The only bad thing about it is they give you the worst batteries possible.,batteries/negative
I had read online that some users were having sound problems.,sound/negative
"Before, I reloaded with Windows 7 Ultimate and used only the downloaded drivers from Acer's site.",drivers/neutral
"I wiped nearly everything off of it, installed OpenOffice and Firefox, and I am operating an incredibly efficient and useful machine for a great price.",price/positive
"Fan vents to the side, so no cooling pad needed, great feature!",feature/positive
"Externally the keys on my keyboard are falling off, after a few uses the paint is rubbing off the button below the mouse pad and where the heals of my hands sit, and the screen has a terrible glare.","keyboard/negative,screen/negative,keys/negative"
The ease of use is wonderful.,use/positive
Runs fast and the regular layout keyboard is so much better.,Runs/positive
The battery life is probably an hour at best.,battery life/negative
You will need them if you want to reload the OS (I recommend doing if you can to start fresh and optimal).,OS/neutral
"Overall, this laptop is definitely a keeper with its simple yet stylish design and its array of fantastic colors to choose from.","design/positive,colors/positive"
I wish the volume could be louder and the mouse didnt break after only a month.,mouse/negative
"However, I love this particular Mac because its very fast, great size, and has fantastic features like the lighted keyboard and easy mouse pad.","features/positive,size/positive,mouse pad/positive"
"Overall : Poor, Features: Average, Performance: Poor, Battery Life: Excellent, Price-Value: Poor",Features/neutral
If this is an improvement in Customer Service then I would hate too see what it was before!,Customer Service/negative
"Oh yeah, don't forget the expensive shipping to and from HP.",shipping/negative
The graphics on this computer are also stellar - very clear and vivid.,graphics/positive
"MacBook Notebooks quickly die out because of their short battery life, as well as the many background programs that run without the user's knowlede.","battery life/negative,programs/negative"
"It is a much more streamlined system for adding programs, using the internet, and doing other things everyone does on a computer.","programs/neutral,system/positive"
"After paying several hundred dollars for this service, it is frustrating that you cannot get help after hours.",service/negative
"Finally, the biggest problem has been tech support.",tech support/negative
"the touch pad is fine - again, it's a real touch pad.","touch pad/positive,touch pad/positive"
"The display on this computer is the best I've seen in a very long time, the battery life is very long and very convienent.","display/positive,battery life/positive"
the programs are esay to use and are quick to process this computer works like a charm.,"use/positive,programs/positive"
I would like at least a 4 hr. battery life.,battery life/neutral
It has a .1 ghz faster processor and a stock 500gb hard drive.,processor/positive
"2 months later, the battery went.",battery/negative
"All the things you can do with the trackpad make navigating around the computer and its programs so much simpler, quicker, and easier.","programs/positive,trackpad/positive"
† This process continued to repeat itself until the mother board had been replaced 4 times and the hard drive replaced 3 times.,"hard drive/negative,mother board/negative"
I purchased this netbook after my original Toshiba laptop crashed right after the warranty expired.,warranty/negative
Going to bring it to service today.,service/neutral
We paid for the three year warranty and the extended warranty after that one ended as well.,extended warranty/neutral
"Besides the great look, it is a great machine.",look/positive
"Also, the extended warranty was a problem.",extended warranty/negative
pros:  the macbook pro notebook has a large battery life and you wont have to worry to charge your laptop every five hours or so.,battery life/positive
"Whenever I call Dell about an unrelated problem, they ask me if my laptop is running slowly and if I'd like to purchase more memory for $75.",memory/neutral
"The touchpad is very intuitive, so much so that I never want to use buttons to click again!","touchpad/positive,buttons/neutral"
It is very well built.,built/positive
It is VERY easy to type on and feels great - besides the added feature that the keyboard is lighted.,"feature/positive,keyboard/positive"
But the screen size is not that bad for email and web browsing.,"screen size/positive,web browsing/neutral"
"It had a cooling system malfunction after 10 minutes of general use, and would not move past this error.","use/neutral,cooling system/negative"
The processor is very quick and effective as I load webpages and applications.,"applications/neutral,processor/positive"
"Plain and simple, it(laptop) runs great and loads fast.","loads/positive,runs/positive"
The screen is gorgeous - yummy good.,screen/positive
"They don t translate from a Mac, even on Word, resulting in a ton of run-on sentences.",Word/negative
"Needs longer lasting battery, More than 1 to 2 Hrs.",battery/negative
The resolution is even higher then any other laptop on the market.,resolution/positive
They are about the same size keys.,keys/neutral
The DVD burner broke after burning 3 DVD'd during that time!,DVD burner/negative
The software is amazing.,software/positive
"The computer continued to give me issues and in Late June it completely died again and I tried to call Acer again to get it fixed and they refused to help me, they said my warrenty was up and hung up on me.",warrenty/negative
The only thing I wish is the 15 inch MacBook Pro has much better speakers on the side of the keyboard.,"speakers/negative,keyboard/neutral"
This laptop meets every expectation and Windows 7 is great!,Windows 7/positive
"It is well worth the money it cost, Very good investment.",cost/positive
"I love the feel of the key board, as well as the trackpad.",trackpad/positive
† They replaced my hard drive as well as my mother board.,"hard drive/neutral,mother board/neutral"
I would recommend this laptop to anyone looking to get a new laptop who is willing to spend a little more money to get great quality!,quality/positive
"Not to mention, the battery life is absolutely amazing.",battery life/positive
and they replaced the awesome ergonomic small lightweight power supply with a power supply that weighed more than the machine itself.,"power supply/negative,power supply/positive"
† Dealing with the support drone on the other end of the chat was sheer torture.,support/negative
I thought the price was great for the specs.,"specs/positive,price/positive"
I'm tired of the inept service.,service/negative
Pay attention to the specs if you want these options.,specs/neutral
It's so nice to look at and the keys are easy to type with.,"keys/positive,look/positive"
"† Long story short, since I experience so many problems with my laptop every since I bought it from day one, I didn't ask for a new laptop or a refund of what I pay for a crapy laptop, but just an extension of my laptop warranty for another year, they made a big deal of out that and after so many calls and complaints about their products and services, they finally gave in.",warranty/neutral
For me I was lucky and a local store was selling them for $2000 off and Best Buy matched their price so I was able to buy one for under $1000,price/positive
"But after using it a couple of weeks, the overall operation is poor.",operation/negative
With notes saying they replaced the hard drive.,hard drive/neutral
"lightweight, long battery life, excellent transition from PC;",battery life/positive
PC users use the Powerpoint program for slide-show presentation and Mac users utilize Keynote.,Keynote/neutral
"While it was highly rated, would I like it? I tried the keyboard at the store, and it seemed ok.",keyboard/neutral
It is in the best condition and has a really high quality.,quality/positive
"† The battery never held a charge longer than one hour and within two months, stopped holding a charge for more than ten minutes.","charge/negative,charge/negative,battery/negative"
"Not too much ""junk"" software to remove.",software/positive
"The leather carrying case, keyboard and mouse arrived in two days from Memphis warehouse.","mouse/neutral,keyboard/neutral"
"The delivery was fast, and I would not hesitate to purchase this laptop again.",delivery/positive
"So I called Compaq, and after being on the phone for 3 hours, i finally got a replacement which I shouldn't have had a problem getting since it was under warranty.",warranty/neutral
The battery life also doesn't keep up with the claim but still I think macbook is much ahead from the rest of the pack.,"battery life/negative,battery life/negative"
"Well, I have to say since I bought my Mac, I won't ever go back to any Windows.",Windows/negative
"It is a REAL touchpad, not the toy I saw in other brands.",touchpad/positive
The battery life was shorter than expected.,battery life/negative
The only thing is that the battery won't last more than 1/2 an hour.,battery/negative
"I saw walmart had the same computer for about $650 but still knowing what I know now,I would not buy it at that price.",price/negative
"I think the manual is somewhere on the hard drive, but I rather have a hard copy.",hard drive/neutral
"Needs Power and Mouse Cable to Plug in back instead of side, In the way of operating a mouse in small area.",mouse/negative
The OS is still as fast as the day that the laptop was purchased and continues to run flawlessly.,"OS/positive,run/positive"
"Did I mention everything about it, from size to weight to keyboard screams BULK?","size/negative,keyboard/negative,weight/negative"
I bought this laptop because of the performance to price ratio.,"price/positive,performance/positive"
I should have checked this before I installed my applications.,applications/neutral
It works exactly like it did the day I took it out of the box.,works/positive
The screen shows great colors.,"colors/positive,screen/positive"
"The internet was locekd and froze every time it was trying to be used, and the command prompt would not work at all.",internet/negative
The speakers on it are useless too.,speakers/negative
"And not to mention after using it for a few months or so, the battery will slowly less and less hold a charge until you can't leave it unplugged for more than 5 minutes without the thing dying.",battery/negative
Now when I order I did not go full scale for the webcam or full keyboard I wanted something for basics of being easy to carry when I use crutchs or wheelchair and with a backpack laptop bag.,"webcam/neutral,keyboard/neutral,carry/positive"
"After doing extensive research, macconnection had the lowest price on the 15"" MBP i5.",price/positive
It is easy to navigate and update programs.,navigate/positive
Love that it doesn't take up space like a regular computer.,space/positive
Cords coming out the right for power plus cords coming out front for headphones/mic plus network connection on left make for a very messy setup with cords going every direction.,"cords/negative,power/negative,mic/negative,cords/negative"
Even out of warranty!,warranty/neutral
"Thus, when you carry it at a slanted angle, the screen will ""topple"" or ""slide"" down, if you understand what I mean.",screen/negative
"Theres also iDVD, a program dedicated to putting all your favorite media together- photos, recordings, video projects into one program so that you can create the perfect memoir for your parents, family, siblings, and any other person important in your life that there may be.","program/positive,program/positive"
This laptop is a great price and has a sleek look.,"price/positive,look/positive"
"THEN, one month after the warranty expired, the replacement charger went.",warranty/neutral
"Called Acer many times, they want me to pay the shipping to ship it to their repair center - I was very disappointed since it is a brand new computer!",shipping/negative
The program came with the computer and works beautifully.,program/positive
It's a great product for a great price!,price/positive
"Then HP sends it back to me with the hardware screwed up, not able to connect.",hardware/negative
It is so much easier to use,use/positive
See when it comes to laptops you buy it and get just a normal operating system with trials of must need stuff that should come with it.,operating system/neutral
The first full charge of this battery got me only about 2 full hours.,battery/negative
"It has far exceeded my expectations for power, storage, and abilitiy.","storage/positive,power/positive"
I finally decided on this laptop because it was the right price for what I need it.,price/positive
The laptop is outstanding in all aspects except that it has the Windows 7 starter and not the full Windows 7.,Windows 7/positive
There are so many wonderful features and benefits to the new MacBook!,features/positive
"Its pretty fast and does not have hiccups while I am using it for web browsing, uploading photos, watching movies (720p) on occasion and creating presentations.",web browsing/positive
"Also, my sister got the exact same laptop (since they were so cheap) and after 8 months, the screen split in half just from everyday use.",screen/negative
† The only thing I can imagine is that Sony jumped on early specifications for Vista requirements from Microsoft and designed it to those inadequate requirements.,Vista/negative
"Of course, for a student, weight is always an issue.",weight/neutral
The difference is the Toshiba had a lot more memory and hard drive space.,memory/positive
Comes with iMovie;,iMovie/positive
-I propose that I can just swap the hard drives.,hard drives/neutral
"The Apple applications (ex.iPhoto) are fun, easy, and really cool to use (unlike the competition)!",iPhoto/positive
"I have found it very easy to use, very imformative, wonder alerts and tutorials making it very easy for someone like me who is not exactly technologically advanced to learn to use the various features and programs.","features/positive,programs/positive,use/positive"
"The applications are also very easy to find and maneuver, much easier than any other computer I have ever owned.",applications/positive
HP said it was out of warranty.,warranty/neutral
of course my warranty runs out next month.,warranty/neutral
"A great feature is the spotlight search: one can search for documents by simply typing a keyword, rather than parsing tens of file folders for a document.",feature/positive
It's super fast and a great value for the price!,"value/positive,price/positive"
I had to pay for the shipping!,shipping/negative
The real stand out on this computer is the feel of the keyboard and it's speed.,"keyboard/positive,speed/positive"
Just a black screen!,screen/negative
"It was heavy,bulky, and hard to carry because of the size.",size/negative
Excellent speed for processing data.,speed/positive
"† I definitely suggest getting an extended warranty, you will probably need it!",extended warranty/positive
I'm already hooked on the sleek look and dependability that this laptop has shown.,look/positive
"We use the built in tools often, iTunes is open nearly every day and works great with my iPhone.",iTunes/positive
"After a couple of years, my battery life began to diminish but was replaced for free due to a company-wide recall of my particular battery.",battery/negative
"The screen is bright and vivid and the keyboard is very easy to use, very important for use quick typers.","keyboard/positive,screen/positive"
"I get a ton of compliments on its size, and speaking as someone who regularly commutes on a bus, I can attest to the fact that this is the perfect size computer if you're restricted to the width of your body for computing room.","size/positive,size/positive"
"-When battery life went to 4 hours or less, took it to the MacHouse Amsterdam for repair (26th of August).",battery life/negative
"†I actually had the hard drive replaced twice, the mother board once, the dvd drive twice, then they FINALLY agreed to replace it, (ALL OF THIS IN LESS THAN 1 1/2 YEARS!","hard drive/negative,mother board/negative"
I had something else go wrong and they said it had to be in good working order to be able to buy the warranty.,warranty/negative
Keyboard good sized and wasy to use.,"Keyboard/positive,use/positive"
"I wanted to purchase the extended warranty and they refused, because they knew it was trouble.",extended warranty/neutral
wonderful features.,features/positive
"Screen, keyboard, and mouse: If you cant see yourself spending the extra money to jump up to a Mac the beautiful screen, responsive island backlit keyboard, and fun multi-touch mouse is worth the extra money to me alone.","mouse/neutral,keyboard/neutral,screen/positive,Screen/neutral"
The display is beyond horrible.,display/negative
I would not recommend this to anyone wanting a notebook expecting the performance of a Desktop it does not meet the expectations.,performance/negative
"Great OS, fabulous improvements to the existing line bumping up the processor speed and adding the thunderbolt port.",OS/positive
"Though the picture, video, and music software is nowhere close to professional grade software Im used to (CS5) but does the job for beginner and even intermediate media designers.",software/positive
"Garageband is more for the musicians, and the laptop is equipped with a good working microphone, good enough for beginners and musicians at the intermediate level.",Garageband/neutral
My real problem with it? The statement of 7 hour battery life is not just mere exaggeration -- it's a lie.,battery life/negative
Best thing is I can use existing 32 bit old programs.,programs/positive
"However, my girlfriend realized that the netbook's hinge is a bit loose (when you open or close the LCD).",hinge/negative
† This time the mouse pad and right click key wouldn't work!,mouse pad/negative
"Its Office compatible, but the features and its functioning is all new again so you might as well save the money and just learn the pre installed mac programs.","programs/neutral,features/neutral"
I reinstalled windows through the recovery discs and everything seemed good again.,windows/positive
You can even run a parallels type program easily and run any leftover PC software that you absolutely cannot be without.,software/positive
"(I had been a Windows/Linux user before this) I love the size because the screen is big enough for what I use it for (Internet, artwork), and yet it is small enough to be reasonably portable.","Windows/neutral,screen/positive,size/positive"
Now the machine won't connect and Toshiba says that they did replace the connection card in May but they only warranty the repair for 30 days and now I'm out of warranty even though this has been a constant 5 month occurance since I bought the netbook.,"warranty/negative,warranty/negative"
This is great if you have several lectures back to back and don't have a chance to charge during one of the lectures.,charge/positive
I cannot be happier with the service or product.,service/positive
Everything from the design to the OS is simple and to the point.,"design/positive,OS/positive"
A seventy dollar mouse!,mouse/neutral
It's just as fast with one program open as it is with sixteen open.,program/neutral
"The programs are great, like iphoto (love the editing capabilities), imail (which can incorporate with the address book on the ipod and ipad), imovie, etc.","programs/positive,iphoto/positive"
It's priced very reasonable and works very well right out of the box.,works/positive
"The only drawback for me is how dirty the screen gets, and rather quickly too.",screen/negative
† even though I had the receipt in front of me proving it still had 2 months left on the warranty.,warranty/negative
"Also the speakers are not very loud, But it is a netbook.",speakers/negative
"oh yeah, and if the fancy webcam breaks guess who you have to send it to to get it fixed?",webcam/negative
I could save ten essay papers and have hardly any memory left.,memory/negative
The keyboard is top notch.,keyboard/positive
"From the get-go, the M6809 was unsteady in its operation;",operation/negative
") I also purchased  Applecare  for $300, which is a three year extended warranty, since I ve never seen any laptop that lasted more than two.",extended warranty/neutral
"The system it comes with does not work properly, so when trying to fix the problems with it it started not working at all.",system/negative
The computer was shipped to their repair depot† on june 24 and returned on July 2 seems like a short turn around time except the computer was not repaired when it was returned.,repair depot/neutral
"I gave it to my daughter because I just hated the screen, hated that it had no cd drive to at least play cd's when I wanted to listen to music and do schoolwork.","cd drive/negative,screen/negative"
The capabilities using that program alone made me want a Mac.,program/positive
The ease of set up was terrific.,set up/positive
It didn't take me long to get switched over to the Mac computer programs and navigation - it's been just fine and like the way this laptop functions much better.,programs/positive
"I was originally concerned that I couldn't view work I had done in college on my Mac because of the PC formatting, but I was even more thrilled to learn of programs like iLife and iWork that allow you to convert your PC documents into readable files on Macs.","iLife/positive,iWork/positive,programs/positive"
The feel of this machine compared to the old MacBook is far superior.,feel/positive
The store honored their warrenty and made the comment that they don't even recommend the HP brand because of the problems with their warrentys.,warrenty/positive
"The ATI graphics card is a huge plus, definitely a good value if you need to be able to run some slightly older games that a Intel built-in card would have trouble with, such as Half-Life 2 or even World of Warcraft.",games/neutral
The battery life is amazingly long at 7hrs and 5hrs if you use it.,battery life/positive
Now for the hardware problems.,hardware/negative
It has a lot of memory and a great battery life.,"memory/positive,battery life/positive"
The fact that you can spend over $100 on just a webcam underscores the value of this machine.,"value/positive,webcam/neutral"
"Eventually my battery wouldn't charge, so unless I had it plugged in it wouldn't even power on.",battery/negative
iLife is easily compatible with Microsoft Office so you can send and receive files from a PC.,iLife/positive
"From the build quality to the performance, everything about it has been sub-par from what I would have expected from Apple.",performance/negative
"Simple to use, and great graphics.","use/positive,graphics/positive"
HP is more interested in selling extended warranties (which cost more than the netbook new) then they are in helping or fixing.,cost/negative
"They say it could be the motherboard again, but Dell",motherboard/negative
"So I called customer support (which is good too) and they went through it and it is just a safety feature and it does not affect performance at all, I just chose to hide the message.","performance/neutral,customer support/positive"
Additional caveat: the base installation comes with some Toshiba-specific software that may or may not be to a user's liking.,software/negative
I love the operating system and the preloaded software.,operating system/positive
† I continued to take the computer in AGAIN and they replaced the hard drive and mother board yet again.,"mother board/negative,hard drive/negative"
"If upgrade is possible to the full Windows 7, then I will truly be a very happy geek.",Windows 7/positive
Unable to boot up this brand new laptop.,boot up/negative
Also the display is exceptional!,display/positive
"The guy then said that if I insist on having the hinge tightened, they can do it for me but I have to accept the condition after the ""repair"".",hinge/neutral
"† My opinion of Sony has been dropping as fast as the stock market, given their horrible support, but this machine just caused another plunge.",support/negative
"I'ts nice to have the higher-end laptops, but this fits my budget and the features I need.","budget/positive,features/positive"
"I even got my teenage son one, because of the features that it offers, like, iChat, Photobooth, garage band and more!",features/positive
And the warranty on this macbook pro can last up to 5 years or 1000 battery recharge cycles.,warranty/positive
"The speed gives you the power to work on these projects seamlessly, and multiple at a time if you sowish.",speed/positive
"† Now, as easy as it is to use, and I do think it is a great STARTER laptop.",use/positive
"Sure, the initial out of pocket expense is greater, but that should not dissuade anyone from the fact that these machines run like none other on the planet, and when I factor in all the money in that I wasted on Geek Squad and the latest patches to de-corrupt my infested PCs, it probably comes out about even anyhow.",run/positive
"Its not just slow on the internet, its slow in general.",internet/negative
"Apparently well-built and gorgeous to look at, the i5 MacBook Pro is a winning combination of price and performance.","look/positive,built/positive,performance/positive,price/positive"
"Speaking of the browser, it too has problems.",browser/negative
Once I removed all the software the laptop loads in 15-20 seconds.,"loads/neutral,software/negative"
Battery is not upgradable to a longer life battery.,battery/negative
"† Also, the battery does not last very long at all.",battery/negative
"I love this program, it is superior to windows movie maker.",program/positive
"The big screen allows you to enjoy watching movies , pictures and etc!",screen/positive
"My computer froze on several occasion, had buttons that randomely would fall off and even had moments when the computer would refuse to turn on at all.",buttons/negative
I will never go back to Windows!,Windows/negative
i love the size of the computer since i play games on it.,"size/positive,games/neutral"
I was taught to use Photoshop and was amazed.,Photoshop/positive
"I work in film editing and post production, so I need a laptop that not only has power, but memory and speed as well.","memory/neutral,speed/neutral,power/neutral"
I regret buying it before understanding how awful it is to use.,use/negative
"Not sure how I recommend it for quality gaming, as I have a desktop rig for that reason.",gaming/negative
"My laptop cost approximately $2,300 and DIED after only 2-years, 10-months and 18-days of use.",cost/negative
The performance is awesome.,performance/positive
† I will definitely be getting a new laptop if it has any more issues after the warranty expires and researching carefully when I do so I don't run accross a situation like this again!,warranty/neutral
"Still under warrenty so called Toshiba, no help at all.",warrenty/negative
I have only had PCs with Windows before so this takes a little getting use to.,Windows/neutral
"The repairs were made quickly though I must say, however the second time they shipped it to the incorrect address and it took nearly a week for them to get it to me.",shipped/negative
"I run windows via bootcamp for the couple programs I do not want to buy a mac version of, like my cad programs.","windows/neutral,programs/neutral"
"Keyboard is great, very quiet for all the typing that I do.",Keyboard/positive
"The screen is a little glary, and I hated the clicking buttons, but I got used to them.",screen/negative
There is no number pad to the right of the keyboard which is a bummer.,keyboard/negative
"The sound is a bit quiet if you're on a plane, this can easily be overcome with a decent pair of head phones.",sound/negative
"The system constantly overheats, the battery life is too short, the case is coming apart, and my core applications that I use every day in my work as a graphic artist run poorly.","system/negative,battery life/negative,case/negative"
My sister has the same Mac as me and she is in a band and uses GarageBand to record and edit.,GarageBand/neutral
The trackpad was easy to learn and navigate.,trackpad/positive
My favorite part of this computer is that it has a vga port so I can connect it to a bigger screen.,screen/neutral
They sent it back with a huge crack in it and it still didn't work.,work/negative
My ONLY issues are: 1) the screen/video resolution won't increase to a higher resolution then 1024 x 60,resolution/negative
"I reloaded with Windows 7 Ultimate, and the Bluetooth and Fingerprint reader (software) would not load.","Bluetooth/negative,software/negative"
"The screen is framed by half- to a full-inch margin that is obviously unnecessary, reduces the screen size and increases the bulk.","screen/negative,screen size/negative"
It really is perfect for work and play.,work/positive
I am forever changed and will no longer buy a Windows based machine for personal use.,Windows/negative
I like how the Mac OS is so simple and easy to use.,"use/positive,Mac OS/positive"
Since I've had this computer I've only used the trackpad because it is so nice and smooth.,trackpad/positive
"† And at one point, they blame me for installing a bad memory stick when I upgrade my memory for the first time during my purchase of the laptop (I bought the memory stick they recomended).",memory/neutral
"I bought a Logitech desktop set in anticipation for using with the MBP, but I use the touchpad 90% of the time.",touchpad/positive
Awesome laptop and the perfect size to carry around in college.,size/positive
When you call tech support you were routed to someone who was in another country and did not know what they were doing.,tech support/negative
"As a lifelong Windows user, I was extremely pleased to make the change to Mac.",Windows/negative
Screen is crystal clear and the system is very responsive.,"Screen/positive,system/positive"
I dislike the quality and the placement of the speakers.,speakers/negative
"Also, one of the users mentioned how the edges on the macbook is sharp, if you have money to spend on one of the incase shells, it doesn't seem to be a problem.",edges/negative
"The computer runs very fast with no problems and the iLife software that comes with it (iPhoto, iMovie, iWeb, iTunes, GarageBand) is all very helpful as well.","iMovie/positive,runs/positive,GarageBand/positive,iTunes/positive,iPhoto/positive"
"In addition, all the design tools on Pages and Keynotes makes it much easier to create professional looking documents and presentations.",Pages/positive
"At first, the computer seemed a great deal--seemingly high-end specs for a low, low price.","specs/positive,price/positive"
"Crisp screen, great battery life, and plenty of storage.","storage/positive,battery life/positive,screen/positive"
"Three weeks after I bought the netbook, the screen quit working.",screen/negative
The only thing that I don't like about my mac is that sometimes there are programs that I want to be able to run and I am not able to.,programs/negative
Keyboard is plastic and spongey feeling.,Keyboard/negative
I purchased a Toshiba Satellite M60 (with harman/kardon speakers!) in December of 2005.,speakers/positive
"So what am I supposed to do?  The LG service center cannot provide me the ""service"" when it is called the ""service center"".","service/negative,service center/negative"
Right size and weight for portability.,"portability/positive,weight/positive,size/positive"
If you want more information on macs I suggest going to apple.com and heading towards the macbook page for more information on the applications.,applications/neutral
"The price is great for this model, I only plan on using it for media in the entertainment room.",price/positive
The screen is very large and crystal clear with amazing colors and resolution.,"colors/positive,resolution/positive,screen/positive"
Keyboard was also very nice and had a solid feel.,Keyboard/positive
I now realize that my $900 would have been better spent on a Windows laptop.,Windows/positive
And the screen on this thing is absolutely amazing for high quality videos and movies and gaming.,"gaming/positive,screen/positive"
Even though the computer is larger they did not make the keyboard larger.,keyboard/negative
10 hours of battery life is really something else....,battery life/positive
"A month or so ago, the freaking motherboard just died.",motherboard/negative
It drives me crazy when I want to download a game or something of that nature and I can't play it because its not compatable with the software.,software/negative
"So then you may be lucky to get ahold to someone who understands that its no good and they will let you send it back, but of course you are taking a chance of them testing it out to see what has happened, and they tell you that it was not on their side , then you are stuck paying for the repair (the price of a new one).",price/negative
I got assurances from 2 different people that the remaining 10 months of my warranty would transfer to the new computer.,warranty/positive
I have not had a problem with the applications quitting or freezing.,applications/positive
Unless you want to be inconvenienced with a non working power supply which you can't find a replacement for because they made the attachment so small.,power supply/negative
"This is the first time that I tried and owning a netbook although I have used 3 different laptops in the past 10 years, I find not much difference except of course for the screen size.",screen size/neutral
"Was disappointed to find out that the model had been discontinued, apparently because of known motherboard problems.",motherboard/negative
"Its small enough where I can take it pretty much anywhere, but still has a big enough screen to get everything done.",screen/positive
It is easy to use and lightweight.,use/positive
"With all the programs that came with it, such as iLife and iWork, I was set from the very beginning.","programs/neutral,iLife/neutral,iWork/neutral"
This computer is exceptionally thin for it's screen size and processing power.,screen size/positive
super fast processor and really nice graphics card..,"processor/positive,graphics card/positive"
"I was loving this Netbook because it had an amazing screen and display and was small and light, but after 1 week it stopped openning web pages for me (even after installing new browsers) then eventually it just started giving me a blue screen and crashing everytime I booted it.","screen/positive,display/positive"
"It's not a wear-and-tear issue, not due to user carelessness and most importantly, they CAN'T guarantee the problem will be solved if it is sent for service and I have to accept the outcome.",service/negative
Great laptop that offers many great features!,features/positive
The price is another driving influence that made me purchase this laptop.,price/positive
"I love my Apple, it is quick and easy to use.",use/positive
It does not even have the software to play a dvd now.,software/negative
The iLife software that comes with the computer is so simple to use and produces a great finished product.,use/positive
"† I was told by many  that it was a great computer, but we got one of these, and it worked  great for one year, and as soon as the warrenty was up, then it got  really bad.",warrenty/negative
"† I sent it back and found this time that the battery was faulty, so I got a new one and some other fixes they found.",battery/negative
I was looking for a mac which is portable and has all the features that I was looking for.,features/positive
"There is a small red circle next to it with a x in the middle, and when I click on it it says: "" Consider replacing your battery"" and it does not hold full charge.","battery/neutral,charge/negative"
I am using the external speaker- sound is good.,sound/positive
"† upon giving them the serial number the first thing I was told, was that it was out of warranty and I could pay to have it repaired.",warranty/neutral
"Yes, a Mac is much more money than the average laptop out there, but there is no comparison in style, speed and just cool factor.",speed/positive
Not to mention the fact that your mac comes fully loaded with all necessary basic programs.,programs/positive
"The 13"" Macbook Pro just fits in my budget and with free shipping and no tax to CA this is the best price we can get for a great product.","price/positive,shipping/positive,budget/positive,price/positive,budget/positive,shipping/positive"
After replacing the hard drive the battery stopped working  (3 months of use) which was frustrating.,"hard drive/neutral,battery/negative,battery/negative,hard drive/neutral"
and plenty of storage with 250 gb(though I will upgrade this and the ram..),"ram/neutral,storage/positive"
Tech support tells me the latter problem is a power supply problem and have offered to fix it if it happens again.,power supply/negative
"I use iphoto all the time, which is a great program for anyone who is into photography - amateurs and experts alike.","iphoto/positive,program/positive"
"But sitting on a lap or on a desk in front of you it looks more than big enough (this could be because Im used to my Lenovo 10 tablet now) plus this is a great size if I want to unplug the external keyboard, mouse, and monitor to take it with me when I take photos and video.","size/positive,mouse/neutral,monitor/neutral"
keys are all in weird places and is way too large for the way it is designed.,keys/negative
Like the price and operation.,"price/positive,operation/positive"
"Laptops are usually used on the go, so why not give you a better battery?",battery/negative
"The Windows 7 Starter is, in my opinion, a great way to think about using your netbook: basics, basics, basics.",Windows 7 Starter/positive
"WIth the upgraded memory, the MacBook Pro never has an issue running many many applications at once!",applications/neutral
"I previously purchased a 13"" macbook (had pro specs and was aluminum style) which had a nvidia 9800 (If I am not mistaken) and it had major heating issues.",specs/positive
""">  iPhoto is probably the best program I have ever worked with: easy and convenient.",iPhoto/positive
They should have included more memory on their computers if they knew Vista would run slowly.,"Vista/negative,memory/negative"
lots of extra space but the keyboard is ridiculously small.,"space/positive,keyboard/negative"
I recommend for word processing and internet users.,"internet/positive,word processing/positive"
"The battery life is amazing, the versitility is outstanding.",battery life/positive
The battery life is great.,battery life/positive
"It is short on space, and downloads always had problems being completed, or were said to be 'corrupted'.",space/negative
I would like to use a different operating system altogether.,operating system/neutral
Summary: HP knew they were shipping out bad BIOS and did nothing proactive to resolve it.,BIOS/negative
This is the complete opposite to an ergonomic design.,design/negative
It has easy to use features and all the speed and power I could ask for.,"features/positive,speed/positive,power/positive"
"Again, decent comp for the price, and I was in need of one quickly as my other laptop died on me.",price/positive
Good monitor and performed well.,monitor/positive
The computer was two weeks late in delivery because HP forgot to complete the required import paperwork.,delivery/negative
"Some problems can be fixed if you purchase new software, but there is no guarentee.",software/negative
† also the battery is completely shot.,battery/negative
"Only other thing is that if you are using this for document creation Apple doesnt provide any kind of word processor (such as works for windows), but iwork is cheap compared to office.",windows/neutral
There are no viruses or spyware to worry about like on a Windows computer.,Windows/negative
"While Apple's saving grace is the fact that they at least stand behind their products, and their support is great, it would be nice if their products were more reliable to justify the premium.",support/positive
"Now,,,,,my monitor has been acting up for about 2 months.",monitor/negative
"Have had many higher priced computers crash and burn long before ever got to use all that great memory and speed, etc.","memory/negative,speed/negative"
"It's applications are terrific, including the replacements for Microsoft office.",applications/positive
It's perfect for everything and runs faster than an average pc!,runs/positive
"With awesome graphics and assuring security, it's perfect!",graphics/positive
"There is no cd drive on the computer, which defeats the purpose of keeping files on a cd.",cd drive/negative
"It's graphics aren't bad at all, for the lower end of the MacBook Pro spectrum, easily capable of running StarCraft II and other games with comparable graphics.","graphics/neutral,graphics/positive"
"It has come into good use for my finances, scheduling, my parents business expenses, and it is definitely amazing for gaming.","use/positive,gaming/positive"
This computer had exactly the specifications I needed.,specifications/positive
Comfterbale to use light easy to transport.,use/positive
This MacBook is an outstanding product with great value.,value/positive
"Overall I feel this netbook was poor quality, had poor performance, although it did have great battery life when it did work.","quality/negative,performance/negative,battery life/positive"
i needed one to be able to carry to work everyday and this one seems to fit all of the criteria.,carry/neutral
It was very easy to just pick up and use-- It did not take long to get used to the Mac OS.,"use/positive,Mac OS/positive"
† I actually contact Toshiba before I started having problem and was given run around after I supplied serial number in order to delay me sending in laptop until after warrenty expired.,warrenty/negative
"Bigger HD, better graphics card, and a bid HD.","HD/positive,HD/positive,graphics card/positive"
"It has plenty of memory, lots of hard drive, and great graphics.","memory/positive,hard drive/positive,graphics/positive"
"I have had another Mac, but it got slow due to an older operating system.",operating system/negative
"Love the speed, especially!",speed/positive
I 'have had it for about a 1 1/2 and yes I have had an issue with it one month out of warranty.,warranty/neutral
The display is awesome.,display/positive
"The only thing that isn't perfect about this netbook is the speakers, they are not loud at all but I expected that.",speakers/negative
I am first time Mac Buyer and am amazed at features and ease of use the Mac offers.,"features/positive,use/positive"
The battery doesn't last long but I'm sure an upgrade battery would solve that problem.,"battery/negative,battery/positive"
"Windows 7 Starter is terrific (no you can't change the background) but I don't need to, I use it just for school work.",Windows 7 Starter/positive
"I love the easy to see screen, and It works well for work, persoal or just play.","screen/positive,works/positive"
the manufacturer's warranty only covers replacement/repair of parts.,warranty/negative
"So, I paid a visit to LG notebook service center at Alexandra Road, hoping they can make the hinge tighter.",hinge/negative
"Well I spilled something on it and they replaced it with this model, which gets hot and the battery doesn't make it through 1 DVD.",battery/negative
also it comes with very useful applications like iphoto that it is the best photo application i have ever had,"iphoto/positive,applications/positive"
"Also, if you need to talk to a representive at Microsoft, there is a charge, which I believe is robbery, since you are charged enormous amounts for a very badly designed system, which most people would have went with XP if they could.",system/negative
"still testing the battery life as i thought it would be better, but am very happy with the upgrade.",battery life/negative
I have had no problems with it unlike some hardware defects on past models.,hardware/negative
† The board has a bad connector with the power supply and shortly after warrenty expires the power supply will start having issues.,"power supply/negative,warrenty/negative,power supply/negative"
"The quality, engineering design and warranty are superior--covers damage from dropping the laptop.","warranty/positive,quality/positive"
The OS takes some getting used to especially after being a Windows user for so long but the learning curve is so worth it!,Windows/neutral
Registration/1st use is easy.,use/positive
The games included are very good games.,"games/neutral,games/positive"
The battery is really long.,battery/positive
"Apparently under the screen there are 2 little screws and when the screen gets moved back and forth, they come loose.","screen/neutral,screen/neutral"
"Reason why? It's because when you buy it, you know first thing that you will not lose any value for that laptop, the price will stay the same for the next year, and even if Apple does decides to change mode, your laptop value will only drop 10-20%, unlike PC laptops which drop more than 80%.","value/positive,value/positive,price/positive"
I respond that I do not have the old computer and this way I would lose the data on my hard drive.,hard drive/negative
The little battery that it did have would only last about an hour while just having it on the desktop.,battery/negative
"However, the multi-touch gestures and large tracking area make having an external mouse unnecessary (unless you're gaming).","gaming/neutral,external mouse/neutral"
"Also, macbooks come with much more features which are so cool!",features/positive
"I love its solid build, light wt and excellent battery life (for now).",battery life/positive
Lightweight and the screen is beautiful!,screen/positive
"The brand of iTunes has just become ingrained in our lexicon now, but keep in mind that Apple started it all.",iTunes/positive
"Whenever tried to turn it on, it would restart as soon as the BIOS launched Windows (or Winblows, as I like ot call it).","Windows/negative,BIOS/negative"
"Looks nice, but has a horribly cheap feel.",feel/negative
OS X is solid with lots of innovations such as quicklook which save heaps of time.,OS X/positive
It had the full sized touch pad with 2 buttons instead of just one.,touch pad/neutral
After 20-30 min the screen of the notebook switched off.,screen/negative
the mouse is way way way to sensitve.,mouse/negative
The programs that come standard with the Leopard running system are enough for the average person to run all the basics.,programs/positive
"This is likely due to poor grounding and isolation between the components, and I'm hoping that it can be fixed with a ground loop isolator, but I still expected better product quality for this price range.","quality/negative,components/negative"
Was searching online for a power supply when I found this site.,power supply/neutral
"previous laptops were pc's, still have them, but the mac osx is a clean and smooth operating system.",operating system/positive
Typing on the keyboard becomes uncomfortable after extended use due to the sharp edges that your wrists rest on.,"keyboard/negative,edges/negative"
"All the programs are easy and straight forward on my MacBook Pro, it is clean and organized, which I always strive to be myself.",programs/positive
"The screen is bright and clear, the operating system is solid and friendly to a novice.","screen/positive,operating system/positive"
"Unfortunately, Apple's quality has continued to slide.",quality/negative
This is a nicely sized laptop with lots of processing power and long battery life.,battery life/positive
"I was looking too closely at the other performance specs and while comparing, I took it for granted that these features were standard.",features/neutral
I called their repair depot as was told they would send Me a new box to return the computer to the repair depot.,"repair depot/neutral,repair depot/neutral"
It is easy to go from one keyboard to another.,keyboard/neutral
"i use my mac all the time, i love the software, the way it takes a short time to load things, how easy it is to use and most of all how you don't have to worry about viruses.",software/positive
"The operating system and user interface is very intuitive, and the large multi-touch track pad is amazing.",operating system/positive
"The Macbook arrived in a nice twin packing and sealed in the box, all the functions works great.","functions/positive,functions/positive"
"I run Dreamweaver, Final Cut Pro 7, Photoshop, Safari, Firefox, MSN Messenger and a few other applications constantly at the same time.","Photoshop/neutral,applications/neutral"
It's wonderful for computer gaming.,gaming/positive
"4) Laptop still did not work, blue screen within a week...",work/negative
Its fast and another thing I like is that it has three USB ports.,USB ports/positive
I have been very pleased with the performance of this laptop.,performance/positive
The feature are good enough for what I need.,feature/positive
It is super easy to use.,use/positive
The sheer power and flexibility makes the MacBook Pro a must have for any techie!,power/positive
"I'm still within the one year warranty but the repair ""depot""  has deemed that this time it was caused by physical abuse and is not  covered.",warranty/negative
"I noticed windows has a new system called Windows 7, what about us Vista users?† They should get all the bugs out of Vista before investing in a new system.","Vista/neutral,windows/neutral,Vista/negative,Windows 7/neutral"
It has all the features that are necessary for college and if not they are able to be added onto the computer.,features/positive
Many of my classmates computers hard drives crashed.,hard drives/negative
overall i would recomend this to anybody and tell them that if they want to burn their music or play there video games to buy the cd drive.,cd drive/neutral
"My husband uses it mostly for games, email and music.",games/neutral
I'm really impressed with the quality and performance for the price of the computer.,"price/positive,performance/positive,quality/positive"
But other than that I am blown away by all the features this laptop offers.,features/positive
There is hardly any memory on the computer's hard drive.,"memory/negative,hard drive/negative"
"Easy to carry, can be taken anywhere, can be hooked up to printers,headsets.",carry/positive
"I bought it for my mom and she reports that the battery life lasts all day for her, it's very lightweight, and the response for the computing she's doing (Internet focused activity: mail, research, etc.) is excellent;",battery life/positive
"Even doing so, the hinge may just be slightly tightened only.",hinge/neutral
I love WIndows 7 which is a vast improvment over Vista.,Vista/negative
"The only thing I wish this had was the option to turn off the touchpad with a button like my big 16"" laptop does.",touchpad/negative
"the only problem is that i had to add 1 gb RAM, the computer was kinda slow.",RAM/negative
And the ram (the thing that makes it faster) comes sporting 2 gigs for high performance to handle more stuff at once and surf the web a whole lot faster than before.,"ram/positive,performance/positive"
-Touchpad will take a bit of time to get used to.,Touchpad/neutral
† After that the said it was under warranty.,warranty/neutral
"Other than that, I would recommend this to someone in need of a cheap laptop with semi-decent gaming capabilities.",gaming/positive
"I took it in to the Apple store and guess what? They fixed it, no cost out of pocket.",cost/negative
What I'd like is for the laptop to run well without having to purchase additional memory.,"run/neutral,memory/negative"
Windows also shuts the computer down for no reason without warning.,Windows/negative
Love the stability of the Mac software and operating system.,operating system/positive
"while the keyboard itself is alright, the plate around it is cheap plastic and makes a hollow sound when using the mouse command buttons.",keyboard/positive
Strong performance in this device makes use of fun and a strong sense of the era of speed This device serves all modern requirements is a very strong game and is very useful for designers.,"use/positive,speed/positive,performance/positive"
"(I found a 2GB stick for a bit under $50) Nice and portable and definitely a decent enough system to keep you entertained while sitting in the airplane for a couple of hours, or at the hotel taking care of some last minute details and documents.",system/positive
"For me, keys were starting to get stuck and wouldn't type very well.",keys/negative
"Maybe this is virus related, maybe not, but the computer has locked up many times, and on two occasions, the screen has simply gone black.",screen/negative
(No problem with the ordering or shipping by the way.,shipping/positive
"For the same price, you get a lot more in the Asus....1920x1080 res.",price/negative
With a MAC computer I have more free time as I don't have to wait for windows to boot up or shut down and all the viruses associated with windows.,"windows/negative,boot up/negative,windows/negative"
"As a die-hard Windows enthusiast, I shunned the idea of a Mac until this point.",Windows/positive
I especially like the keyboard which has chiclet type keys.,"keys/positive,keyboard/positive"
"It's fast, it's easy easy easy to set up, easy to hook to my wireless network.",set up/positive
† the battery is irreplaceable.,battery/negative
I couldn't believe how long the battery lasted on a single charge.,"charge/positive,battery/positive"
I don't understand why only Windows 7 Starter is included.,Windows 7 Starter/negative
"I think part of the problem with this computer is Vista, yet I know Vista isn't the entire issue because my latest purchase was my Acer and it also has Vista (I should have waited the few months to get the next operating system).","Vista/negative,Vista/negative,Vista/negative,operating system/neutral"
Peformance is good for the price.,price/positive
Boots up fast and runs great!,runs/positive
"† Now I had not tried to use this since the disc drive had been replaced and after taking it back to the Geek Squad I found out they had accidently not used the right drive when they replaced the first one, so back it went to get the correct drive.","drive/neutral,drive/negative"
"The battery holds up well, it's built very solidly, and runs fast.","runs/positive,battery/positive,built/positive"
"The graphics and screen are stunning and although I was a PC person, I was able to understand how to use a mac fairly quickly.","graphics/positive,screen/positive"
"They offer the best warranty in the business, and don't 3rd party it out like Toshiba.",warranty/positive
the size of has actually help me out quite a bit by me being able to fit it in an already full backpack and to use it at a resturant where the food on the table is always so space consuming.,size/positive
Sony parts reliability and quality of service is recenlty the worst.,service/negative
The salesman talked us into this computer away from another we were looking at and we have had nothing but problems with software problems and just not happy with it.,software/negative
I believe that the quality of a mac is worth the price.,"quality/positive,price/positive"
when i first got it i thought the size of it was a joke.,size/negative
Mac is not made for gaming.,gaming/negative
"Yes, they cost more, but they more than make up for it in speed, construction quality, and longevity.",speed/positive
"In†November my computer messed up entirely and wouldn't power on after intalling a Windows update, I had to have my HD flashed and lost EVERYTHING on it, including my school assignments and irriplaceable pictures that were only in digital format and several other things, when this update was installed for some reason I was unable to roll back the drivers and everything to an earlier working condition because when the update was installed it deleted my history.","drivers/negative,HD/negative"
(The SATA controller is the motherboard chip that lets the CPU talk to the hard drive.),hard drive/neutral
"With today's company fighting over marketshare, its a shame that ASUS can get away with the inept staff answering thephone.",staff/negative
The speakers are terrible and are probably the cheapest ones I have ever seen in a laptop so if your planning to listen to music I suggest you get something better.,speakers/negative
I loaded windows 7 via Bootcamp and it works flawlessly!,windows 7/positive
The buttons you have to press a little harder than most.,buttons/negative
I know what 7 hrs of battery looks like.,battery/positive
"First things first, Macbook pro has many applications to make life easier, unlike the windows computers.","applications/positive,windows/negative"
"After a little more than a year of owning my MacBook Pro, the monitor has completely died.",monitor/negative
Could not keep up with me and finally the hard drive went out.,hard drive/negative
"Features such as the Dashboard (allows you to view frequently used tools like a calculator, weather forecast, movie times, calendar, computer post its etc.",Features/neutral
